호선명,지하철역,총승차인원,무임승차인원,총하차인원,무임하차인원,전체승하차,무임승하차,무임승하차비중
1,제기동,501317.0,269661.0,511782.0,290055.0,1013099.0,559716.0,55.25
1,종각,1112527.0,151760.0,1083408.0,140929.0,2195935.0,292689.0,13.33
1,종로5가,712905.0,247967.0,697910.0,240352.0,1410815.0,488319.0,34.61
1,청량리,662997.0,280334.0,656727.0,281655.0,1319724.0,561989.0,42.58
2,강남,2302759.0,161221.0,2246564.0,140970.0,4549323.0,302191.0,6.64
2,강변,888712.0,119587.0,836482.0,115283.0,1725194.0,234870.0,13.61
2,구로디지털단지,1626825.0,202295.0,1608586.0,202474.0,3235411.0,404769.0,12.51
2,구의,730178.0,110581.0,711614.0,111191.0,1441792.0,221772.0,15.38
2,낙성대,810918.0,112223.0,784138.0,113841.0,1595056.0,226064.0,14.17
2,도림천,37399.0,8718.0,39669.0,9693.0,77068.0,18411.0,23.89
2,뚝섬,710875.0,64395.0,741250.0,64291.0,1452125.0,128686.0,8.86
2,문래,641250.0,89809.0,662394.0,89608.0,1303644.0,179417.0,13.76
2,방배,485486.0,78042.0,499315.0,77140.0,984801.0,155182.0,15.76
2,봉천,704725.0,154480.0,658851.0,154135.0,1363576.0,308615.0,22.63
2,삼성,1566279.0,122593.0,1570254.0,113554.0,3136533.0,236147.0,7.53
2,상왕십리,417424.0,69340.0,407328.0,70375.0,824752.0,139715.0,16.94
2,서울대입구,1360212.0,182456.0,1316590.0,172495.0,2676802.0,354951.0,13.26
2,서초,630661.0,91534.0,607444.0,91103.0,1238105.0,182637.0,14.75
2,선릉,1557470.0,234282.0,1369726.0,206084.0,2927196.0,440366.0,15.04
2,성수,1299199.0,101661.0,1417724.0,102733.0,2716923.0,204394.0,7.52
2,신답,47284.0,9756.0,52309.0,10300.0,99593.0,20056.0,20.14
2,신대방,743464.0,132928.0,714755.0,133502.0,1458219.0,266430.0,18.27
2,신도림,1475772.0,232560.0,1441309.0,219085.0,2917081.0,451645.0,15.48
2,신림,1621945.0,203222.0,1569510.0,202067.0,3191455.0,405289.0,12.7
2,신정네거리,297116.0,75675.0,305259.0,77305.0,602375.0,152980.0,25.4
2,신촌,1138288.0,124809.0,1154391.0,122348.0,2292679.0,247157.0,10.78
2,아현,319025.0,66492.0,298393.0,65306.0,617418.0,131798.0,21.35
2,양천구청,197538.0,53520.0,206684.0,54294.0,404222.0,107814.0,26.67
2,역삼,1365465.0,144238.0,1542672.0,147528.0,2908137.0,291766.0,10.03
2,용답,87730.0,18244.0,86887.0,18091.0,174617.0,36335.0,20.81
2,용두,73197.0,24358.0,73371.0,25440.0,146568.0,49798.0,33.98
2,을지로입구,1406984.0,106435.0,1432825.0,98904.0,2839809.0,205339.0,7.23
2,이대,487275.0,50430.0,529941.0,53636.0,1017216.0,104066.0,10.23
2,잠실나루,423808.0,89855.0,411448.0,89587.0,835256.0,179442.0,21.48
2,잠실새내,693048.0,116198.0,685965.0,115050.0,1379013.0,231248.0,16.77
2,종합운동장,381409.0,54023.0,424051.0,56616.0,805460.0,110639.0,13.74
2,한양대,321529.0,14246.0,352173.0,15207.0,673702.0,29453.0,4.37
2,홍대입구,2164692.0,101308.0,2331846.0,98658.0,4496538.0,199966.0,4.45
3,경복궁,766568.0,97674.0,783608.0,96778.0,1550176.0,194452.0,12.54
3,경찰병원,210552.0,45562.0,210417.0,47045.0,420969.0,92607.0,22.0
3,구파발,637558.0,135019.0,620332.0,129765.0,1257890.0,264784.0,21.05
3,금호,235008.0,55091.0,219044.0,53961.0,454052.0,109052.0,24.02
3,남부터미널,877287.0,128438.0,887839.0,129547.0,1765126.0,257985.0,14.62
3,녹번,445760.0,81350.0,404900.0,80142.0,850660.0,161492.0,18.98
3,대청,306333.0,64039.0,287807.0,62053.0,594140.0,126092.0,21.22
3,대치,363626.0,72155.0,353440.0,69745.0,717066.0,141900.0,19.79
3,도곡,162510.0,28774.0,162651.0,27276.0,325161.0,56050.0,17.24
3,독립문,229904.0,73131.0,237427.0,73622.0,467331.0,146753.0,31.4
3,동대입구,318998.0,41816.0,354729.0,45635.0,673727.0,87451.0,12.98
3,매봉,352203.0,74367.0,339625.0,69483.0,691828.0,143850.0,20.79
3,무악재,125533.0,32954.0,124422.0,35259.0,249955.0,68213.0,27.29
3,수서,550226.0,122889.0,549854.0,119836.0,1100080.0,242725.0,22.06
3,신사,803031.0,70338.0,839468.0,68102.0,1642499.0,138440.0,8.43
3,안국,792762.0,108590.0,822163.0,114119.0,1614925.0,222709.0,13.79
3,압구정,906573.0,140196.0,970678.0,139004.0,1877251.0,279200.0,14.87
3,양재,1041290.0,153085.0,1120906.0,154212.0,2162196.0,307297.0,14.21
3,옥수,263044.0,62135.0,269140.0,62129.0,532184.0,124264.0,23.35
3,일원,310447.0,70596.0,300704.0,70413.0,611151.0,141009.0,23.07
3,잠원,156644.0,34279.0,149142.0,32751.0,305786.0,67030.0,21.92
3,지축,208998.0,36660.0,207220.0,35500.0,416218.0,72160.0,17.34
3,학여울,73982.0,18231.0,75530.0,17950.0,149512.0,36181.0,24.2
3,홍제,530608.0,146942.0,503869.0,144399.0,1034477.0,291341.0,28.16
4,길음,628482.0,125633.0,621129.0,125259.0,1249611.0,250892.0,20.08
4,남태령,42171.0,8901.0,34627.0,8196.0,76798.0,17097.0,22.26
4,당고개,279583.0,77469.0,245540.0,76228.0,525123.0,153697.0,29.27
4,명동,1024787.0,80421.0,1099284.0,83092.0,2124071.0,163513.0,7.7
4,미아,456892.0,121117.0,439668.0,122900.0,896560.0,244017.0,27.22
4,미아사거리,779304.0,190582.0,765423.0,190213.0,1544727.0,380795.0,24.65
4,불암산,289358.0,84601.0,252956.0,83424.0,542314.0,168025.0,30.98
4,상계,567980.0,132469.0,528993.0,129123.0,1096973.0,261592.0,23.85
4,성신여대입구,650518.0,92470.0,627105.0,90891.0,1277623.0,183361.0,14.35
4,수유,1001984.0,198968.0,1002275.0,200056.0,2004259.0,399024.0,19.91
4,숙대입구,441015.0,56826.0,427018.0,53034.0,868033.0,109860.0,12.66
4,신용산,583290.0,58072.0,626444.0,58695.0,1209734.0,116767.0,9.65
4,쌍문,850936.0,181630.0,787722.0,178911.0,1638658.0,360541.0,22.0
4,이촌,291058.0,53692.0,316137.0,56438.0,607195.0,110130.0,18.14
4,창동,775634.0,227917.0,815046.0,234923.0,1590680.0,462840.0,29.1
4,총신대입구,564012.0,159811.0,610462.0,167328.0,1174474.0,327139.0,27.85
4,한성대입구,422016.0,76857.0,409204.0,75462.0,831220.0,152319.0,18.32
4,혜화,1093159.0,134964.0,1101259.0,132704.0,2194418.0,267668.0,12.2
4,회현,790571.0,203810.0,821961.0,203499.0,1612532.0,407309.0,25.26
5,강동,533364.0,114472.0,516922.0,111842.0,1050286.0,226314.0,21.55
5,강일,170232.0,45780.0,156100.0,43927.0,326332.0,89707.0,27.49
5,개롱,190212.0,53640.0,196781.0,55256.0,386993.0,108896.0,28.14
5,개화산,172565.0,43852.0,164917.0,42730.0,337482.0,86582.0,25.66
5,거여,291759.0,70164.0,282342.0,68179.0,574101.0,138343.0,24.1
5,고덕,299295.0,79625.0,292521.0,78156.0,591816.0,157781.0,26.66
5,광나루,375202.0,73599.0,353884.0,71628.0,729086.0,145227.0,19.92
5,광화문,957048.0,100036.0,1006443.0,99151.0,1963491.0,199187.0,10.14
5,굽은다리,288736.0,83933.0,275879.0,78941.0,564615.0,162874.0,28.85
5,길동,247837.0,82177.0,254202.0,83931.0,502039.0,166108.0,33.09
5,까치산,814059.0,164710.0,781516.0,165992.0,1595575.0,330702.0,20.73
5,답십리,458993.0,86954.0,416125.0,83704.0,875118.0,170658.0,19.5
5,둔촌동,296332.0,78666.0,294564.0,79119.0,590896.0,157785.0,26.7
5,마곡,347361.0,52044.0,351461.0,50645.0,698822.0,102689.0,14.69
5,마장,172049.0,43789.0,161650.0,42637.0,333699.0,86426.0,25.9
5,마천,214340.0,59538.0,198016.0,60889.0,412356.0,120427.0,29.2
5,마포,415591.0,66098.0,422710.0,65596.0,838301.0,131694.0,15.71
5,명일,252942.0,73518.0,255248.0,75135.0,508190.0,148653.0,29.25
5,목동,477823.0,87895.0,509824.0,89392.0,987647.0,177287.0,17.95
5,발산,646724.0,113341.0,668751.0,109595.0,1315475.0,222936.0,16.95
5,방이,216835.0,52521.0,221174.0,52503.0,438009.0,105024.0,23.98
5,방화,203041.0,57926.0,194670.0,56879.0,397711.0,114805.0,28.87
5,상일동,419058.0,96105.0,397475.0,94654.0,816533.0,190759.0,23.36
5,서대문,549925.0,73647.0,552121.0,69654.0,1102046.0,143301.0,13.0
5,송정,187616.0,51923.0,177560.0,49900.0,365176.0,101823.0,27.88
5,신금호,184048.0,40032.0,194994.0,45260.0,379042.0,85292.0,22.5
5,신길,140429.0,12815.0,144543.0,13241.0,284972.0,26056.0,9.14
5,신정,386339.0,67243.0,322966.0,65125.0,709305.0,132368.0,18.66
5,아차산,443991.0,107459.0,431490.0,104831.0,875481.0,212290.0,24.25
5,애오개,191333.0,40245.0,187395.0,38796.0,378728.0,79041.0,20.87
5,양평,217500.0,31548.0,211295.0,31034.0,428795.0,62582.0,14.59
5,여의나루,412094.0,33235.0,470524.0,32782.0,882618.0,66017.0,7.48
5,영등포시장,337898.0,79894.0,342868.0,81581.0,680766.0,161475.0,23.72
5,오목교,619344.0,93232.0,653117.0,92509.0,1272461.0,185741.0,14.6
5,올림픽공원,162308.0,41571.0,144586.0,36964.0,306894.0,78535.0,25.59
5,우장산,427755.0,101202.0,423688.0,105280.0,851443.0,206482.0,24.25
5,장한평,551537.0,101379.0,544629.0,103383.0,1096166.0,204762.0,18.68
5,행당,233829.0,53073.0,207738.0,48025.0,441567.0,101098.0,22.9
5,화곡,826102.0,155956.0,769286.0,149325.0,1595388.0,305281.0,19.14
6,고려대,260067.0,36577.0,249432.0,35940.0,509499.0,72517.0,14.23
6,광흥창,271530.0,56070.0,260009.0,55268.0,531539.0,111338.0,20.95
6,구산,237080.0,57105.0,180593.0,59481.0,417673.0,116586.0,27.91
6,녹사평,157571.0,18590.0,160969.0,18149.0,318540.0,36739.0,11.53
6,대흥,270622.0,49384.0,281582.0,49193.0,552204.0,98577.0,17.85
6,독바위,80401.0,21437.0,84959.0,26395.0,165360.0,47832.0,28.93
6,돌곶이,304544.0,66060.0,280650.0,65110.0,585194.0,131170.0,22.41
6,디지털미디어시티,414387.0,61725.0,446335.0,62422.0,860722.0,124147.0,14.42
6,마포구청,424134.0,84007.0,380124.0,76784.0,804258.0,160791.0,19.99
6,망원,463783.0,85481.0,495333.0,89100.0,959116.0,174581.0,18.2
6,버티고개,64186.0,14604.0,64434.0,16701.0,128620.0,31305.0,24.34
6,보문,233704.0,33040.0,216693.0,31271.0,450397.0,64311.0,14.28
6,봉화산,251693.0,52991.0,237028.0,52273.0,488721.0,105264.0,21.54
6,상수,309088.0,22332.0,349342.0,22523.0,658430.0,44855.0,6.81
6,상월곡,191565.0,43040.0,175356.0,41637.0,366921.0,84677.0,23.08
6,새절,370343.0,92437.0,345979.0,92578.0,716322.0,185015.0,25.83
6,석계,361930.0,83289.0,370835.0,82848.0,732765.0,166137.0,22.67
6,신내,12.0,1.0,0.0,0.0,12.0,1.0,8.33
6,안암,375092.0,38686.0,375991.0,38045.0,751083.0,76731.0,10.22
6,역촌,111649.0,35325.0,131103.0,34793.0,242752.0,70118.0,28.88
6,월곡,348950.0,71839.0,338516.0,71162.0,687466.0,143001.0,20.8
6,월드컵경기장,185256.0,59852.0,202141.0,58781.0,387397.0,118633.0,30.62
6,응암,516764.0,127624.0,511157.0,126704.0,1027921.0,254328.0,24.74
6,이태원,358734.0,31504.0,391713.0,31889.0,750447.0,63393.0,8.45
6,증산,284376.0,74103.0,282585.0,74764.0,566961.0,148867.0,26.26
6,창신,103270.0,19926.0,87145.0,18921.0,190415.0,38847.0,20.4
6,한강진,302426.0,20614.0,354942.0,20632.0,657368.0,41246.0,6.27
6,화랑대,342753.0,51768.0,273727.0,46797.0,616480.0,98565.0,15.99
6,효창공원앞,218774.0,39969.0,199665.0,37000.0,418439.0,76969.0,18.39
7,가산디지털단지,1154477.0,98985.0,1150220.0,93082.0,2304697.0,192067.0,8.33
7,강남구청,453643.0,54065.0,502605.0,55199.0,956248.0,109264.0,11.43
7,공릉,359567.0,77921.0,354017.0,78409.0,713584.0,156330.0,21.91
7,남구로,420412.0,65887.0,439155.0,66688.0,859567.0,132575.0,15.42
7,남성,331097.0,78978.0,313447.0,79144.0,644544.0,158122.0,24.53
7,내방,410799.0,76953.0,413573.0,74244.0,824372.0,151197.0,18.34
7,논현,512327.0,45626.0,531407.0,44584.0,1043734.0,90210.0,8.64
7,도봉산,263297.0,52765.0,312768.0,74776.0,576065.0,127541.0,22.14
7,뚝섬유원지,280973.0,45868.0,273544.0,45494.0,554517.0,91362.0,16.48
7,마들,382194.0,96782.0,358622.0,94945.0,740816.0,191727.0,25.88
7,먹골,299231.0,71685.0,295255.0,73234.0,594486.0,144919.0,24.38
7,면목,440555.0,101218.0,422568.0,103791.0,863123.0,205009.0,23.75
7,반포,187796.0,40370.0,180173.0,38386.0,367969.0,78756.0,21.4
7,보라매,198046.0,33269.0,204920.0,34464.0,402966.0,67733.0,16.81
7,사가정,470061.0,107704.0,471938.0,108645.0,941999.0,216349.0,22.97
7,상도,350932.0,66852.0,342231.0,63792.0,693163.0,130644.0,18.85
7,상봉,508844.0,79993.0,490653.0,76640.0,999497.0,156633.0,15.67
7,수락산,370617.0,106791.0,364921.0,108072.0,735538.0,214863.0,29.21
7,숭실대입구,406478.0,66974.0,407617.0,69178.0,814095.0,136152.0,16.72
7,신대방삼거리,433269.0,95525.0,414630.0,98119.0,847899.0,193644.0,22.84
7,신풍,332724.0,77373.0,312174.0,75981.0,644898.0,153354.0,23.78
7,어린이대공원,472469.0,46385.0,477982.0,46060.0,950451.0,92445.0,9.73
7,온수,283565.0,44422.0,262616.0,42015.0,546181.0,86437.0,15.83
7,용마산,169622.0,37080.0,167384.0,40314.0,337006.0,77394.0,22.97
7,이수,479384.0,85118.0,463584.0,80754.0,942968.0,165872.0,17.59
7,자양,310455.0,54109.0,303841.0,53962.0,614296.0,108071.0,17.59
7,장승배기,269643.0,71128.0,262732.0,71963.0,532375.0,143091.0,26.88
7,장암,78394.0,14236.0,36704.0,10906.0,115098.0,25142.0,21.84
7,중계,424768.0,99732.0,390462.0,96522.0,815230.0,196254.0,24.07
7,중곡,315107.0,68009.0,296208.0,68724.0,611315.0,136733.0,22.37
7,중화,312055.0,68968.0,304743.0,68653.0,616798.0,137621.0,22.31
7,천왕,330062.0,63126.0,316349.0,63456.0,646411.0,126582.0,19.58
7,청담,524227.0,79748.0,571186.0,76997.0,1095413.0,156745.0,14.31
7,하계,526960.0,118719.0,493645.0,114395.0,1020605.0,233114.0,22.84
7,학동,637007.0,65892.0,664655.0,62892.0,1301662.0,128784.0,9.89
8,강동구청,301276.0,70703.0,308602.0,71501.0,609878.0,142204.0,23.32
8,몽촌토성,206879.0,36663.0,210579.0,36012.0,417458.0,72675.0,17.41
8,문정,595690.0,66160.0,620153.0,66019.0,1215843.0,132179.0,10.87
8,석촌,244204.0,56741.0,284699.0,59743.0,528903.0,116484.0,22.02
8,송파,275169.0,69511.0,269774.0,68579.0,544943.0,138090.0,25.34
8,암사,510235.0,112483.0,461278.0,110725.0,971513.0,223208.0,22.98
8,암사역사공원,179560.0,34333.0,159043.0,33319.0,338603.0,67652.0,19.98
8,장지,499917.0,90185.0,462047.0,85257.0,961964.0,175442.0,18.24
9,가양,640487.0,143821.0,624800.0,140972.0,1265287.0,284793.0,22.51
9,개화,77648.0,13560.0,53392.0,10971.0,131040.0,24531.0,18.72
9,공항시장,87644.0,24745.0,93641.0,26627.0,181285.0,51372.0,28.34
9,구반포,40364.0,9863.0,38871.0,9737.0,79235.0,19600.0,24.74
9,국회의사당,474200.0,64371.0,484139.0,57952.0,958339.0,122323.0,12.76
9,노들,147810.0,34964.0,124278.0,32133.0,272088.0,67097.0,24.66
9,노량진,773829.0,91179.0,763448.0,90996.0,1537277.0,182175.0,11.85
9,등촌,349933.0,90216.0,335943.0,91029.0,685876.0,181245.0,26.43
9,마곡나루,399673.0,40007.0,392298.0,38995.0,791971.0,79002.0,9.98
9,사평,117034.0,25406.0,112799.0,25429.0,229833.0,50835.0,22.12
9,샛강,183836.0,30690.0,181903.0,30353.0,365739.0,61043.0,16.69
9,선유도,248011.0,33075.0,232403.0,32261.0,480414.0,65336.0,13.6
9,신논현,916236.0,56569.0,916217.0,55036.0,1832453.0,111605.0,6.09
9,신목동,127417.0,26008.0,112498.0,24721.0,239915.0,50729.0,21.14
9,신반포,125990.0,29239.0,124035.0,29308.0,250025.0,58547.0,23.42
9,신방화,202870.0,49967.0,198595.0,50170.0,401465.0,100137.0,24.94
9,양천향교,289659.0,49752.0,294136.0,49308.0,583795.0,99060.0,16.97
9,염창,514529.0,80870.0,492565.0,78794.0,1007094.0,159664.0,15.85
9,증미,219073.0,38743.0,210572.0,38823.0,429645.0,77566.0,18.05
9,흑석,274749.0,60214.0,279485.0,60496.0,554234.0,120710.0,21.78
"3,8",가락시장,499142.0,149493.0,517546.0,148748.0,1016688.0,298241.0,29.33
"2,7",건대입구,1514545.0,160449.0,1584989.0,158811.0,3099534.0,319260.0,10.3
"3,7,9",고속터미널,2526704.0,378399.0,2523557.0,369982.0,5050261.0,748381.0,14.82
"5,6",공덕,948702.0,133694.0,949611.0,125787.0,1898313.0,259481.0,13.67
"2,3",교대,1330717.0,237048.0,1305183.0,227756.0,2635900.0,464804.0,17.63
"5,7",군자,785877.0,132473.0,726097.0,123065.0,1511974.0,255538.0,16.9
"5,9",김포공항,530431.0,70323.0,557489.0,71426.0,1087920.0,141749.0,13.03
"4,7",노원,1278860.0,265098.0,1389731.0,265470.0,2668591.0,530568.0,19.88
"2,9",당산,1086434.0,134157.0,1153742.0,134381.0,2240176.0,268538.0,11.99
"2,7",대림,989147.0,182965.0,1006134.0,186565.0,1995281.0,369530.0,18.52
"1,4",동대문,932876.0,279178.0,940024.0,274204.0,1872900.0,553382.0,29.55
"2,4,5",동대문역사문화공원,1099733.0,133930.0,1106872.0,132983.0,2206605.0,266913.0,12.1
"1,6",동묘앞,570181.0,229441.0,579997.0,226056.0,1150178.0,455497.0,39.6
"4,9",동작,109569.0,29737.0,104756.0,28535.0,214325.0,58272.0,27.19
"3,6",불광,628909.0,190903.0,657152.0,198424.0,1286061.0,389327.0,30.27
"2,4",사당,1988942.0,323350.0,2017546.0,317669.0,4006488.0,641019.0,16.0
"4,6",삼각지,408593.0,45762.0,409492.0,43629.0,818085.0,89391.0,10.93
"4,6",삼각지,452326.0,46910.0,462092.0,44925.0,914418.0,91835.0,10.04
"1,4",서울역,2155185.0,271561.0,2358354.0,275553.0,4513539.0,547114.0,12.12
"1,2",시청,1504288.0,170657.0,1458576.0,162682.0,2962864.0,333339.0,11.25
"2,6",신당,687585.0,132734.0,712506.0,133571.0,1400091.0,266305.0,19.02
"1,2",신설동,525201.0,154123.0,508111.0,152088.0,1033312.0,306211.0,29.63
"3,6",약수,485940.0,106219.0,473228.0,100590.0,959168.0,206809.0,21.56
"5,9",여의도,1643461.0,114204.0,1652659.0,107101.0,3296120.0,221305.0,6.71
"3,6",연신내,1036393.0,264167.0,985977.0,255205.0,2022370.0,519372.0,25.68
"2,5",영등포구청,758286.0,126191.0,775157.0,124777.0,1533443.0,250968.0,16.37
"3,5",오금,291808.0,56755.0,273271.0,54128.0,565079.0,110883.0,19.62
"2,5",왕십리,602261.0,79888.0,577607.0,75030.0,1179868.0,154918.0,13.13
"2,3",을지로3가,1051252.0,125034.0,1045244.0,121016.0,2096496.0,246050.0,11.74
"2,5",을지로4가,589848.0,119702.0,592977.0,118251.0,1182825.0,237953.0,20.12
"2,8",잠실,2898750.0,309717.0,2944462.0,298290.0,5843212.0,608007.0,10.41
"1,3,5",종로3가,1557687.0,458436.0,1539083.0,445192.0,3096770.0,903628.0,29.18
"5,8",천호,1055612.0,253203.0,1108370.0,252351.0,2163982.0,505554.0,23.36
"5,6",청구,219899.0,44565.0,211920.0,42532.0,431819.0,87097.0,20.17
"3,4",충무로,867520.0,119883.0,893846.0,121889.0,1761366.0,241772.0,13.73
"2,5",충정로,417744.0,63616.0,436275.0,64124.0,854019.0,127740.0,14.96
"6,7",태릉입구,438855.0,87568.0,443702.0,85169.0,882557.0,172737.0,19.57
"2,6",합정,1379809.0,113748.0,1461301.0,111461.0,2841110.0,225209.0,7.93
