역명,시간대,전체인원,교통약자인원(추정),시간대별_교통약자비중,혼잡도,인원당혼잡지표
강남,06시간대이전,715337,305105,42.65,554.5,0.7752
강남,06-07시간대,2623786,606018,23.1,356.4,0.1358
강남,07-08시간대,6893516,397144,5.76,487.75,0.0708
강남,08-09시간대,13212838,450078,3.41,730,0.0552
강남,09-10시간대,13269565,638363,4.81,745.45,0.0562
강남,10-11시간대,7512027,754260,10.04,706.75,0.0941
강남,11-12시간대,6404718,820100,12.8,745.85,0.1165
강남,12-13시간대,6909162,750993,10.87,811.25,0.1174
강남,13-14시간대,8006099,836367,10.45,886,0.1107
강남,14-15시간대,7989728,1059491,13.26,870.1,0.1089
강남,15-16시간대,8712925,1112473,12.77,938.3,0.1077
강남,16-17시간대,10014143,904057,9.03,1107.05,0.1105
강남,17-18시간대,14089594,716992,5.09,1146.35,0.0814
강남,18-19시간대,17835555,466678,2.62,1130.3,0.0634
강남,19-20시간대,11450767,341576,2.98,831.35,0.0726
강남,20-21시간대,8084137,291729,3.61,778.75,0.0963
강남,21-22시간대,8417213,229136,2.72,887.85,0.1055
강남,22-23시간대,7348269,128249,1.75,786.25,0.107
강남,23-24시간대,3574484,43954,1.23,499.45,0.1397
강남,24시간대이후,706107,8321,1.18,71.35,0.101
강변,06시간대이전,389232,120516,30.96,207.1,0.5321
강변,06-07시간대,1665806,323965,19.45,230.9,0.1386
강변,07-08시간대,3392637,338874,9.99,332.25,0.0979
강변,08-09시간대,5345485,479278,8.97,523.05,0.0978
강변,09-10시간대,4136239,593070,14.34,498.8,0.1206
강변,10-11시간대,3530688,695992,19.71,471.65,0.1336
강변,11-12시간대,3209139,679186,21.16,566,0.1764
강변,12-13시간대,3213439,600950,18.7,598.35,0.1862
강변,13-14시간대,3281205,597214,18.2,630.1,0.192
강변,14-15시간대,3277592,644961,19.68,609.35,0.1859
강변,15-16시간대,3681665,722947,19.64,702.45,0.1908
강변,16-17시간대,4000292,697017,17.42,732.6,0.1831
강변,17-18시간대,4700161,599087,12.75,761,0.1619
강변,18-19시간대,5713131,467958,8.19,783.85,0.1372
강변,19-20시간대,4012529,362279,9.03,577.4,0.1439
강변,20-21시간대,2954056,255964,8.66,521.85,0.1767
강변,21-22시간대,2452913,175471,7.15,571.4,0.2329
강변,22-23시간대,1972013,102857,5.22,479.5,0.2432
강변,23-24시간대,957553,33888,3.54,317.55,0.3316
강변,24시간대이후,217768,5309,2.44,48.5,0.2227
광화문,06시간대이전,83140,54094,65.06,213.4,2.5668
광화문,06-07시간대,1219264,212780,17.45,217.1,0.1781
광화문,07-08시간대,3344514,184754,5.52,379.9,0.1136
광화문,08-09시간대,10180511,272603,2.68,477.15,0.0469
광화문,09-10시간대,4964754,410052,8.26,430.05,0.0866
광화문,10-11시간대,2745234,512686,18.68,453.5,0.1652
광화문,11-12시간대,2957389,604940,20.46,508.3,0.1719
광화문,12-13시간대,2929155,571625,19.52,546.95,0.1867
광화문,13-14시간대,3425854,608087,17.75,600.65,0.1753
광화문,14-15시간대,3368215,701381,20.82,625.35,0.1857
광화문,15-16시간대,3575702,756256,21.15,688.35,0.1925
광화문,16-17시간대,4259221,678629,15.93,824.5,0.1936
광화문,17-18시간대,6245205,531332,8.51,915.8,0.1466
광화문,18-19시간대,9520985,353614,3.71,825.55,0.0867
광화문,19-20시간대,3783479,224346,5.93,606.4,0.1603
광화문,20-21시간대,2828400,201754,7.13,525.7,0.1859
광화문,21-22시간대,2807332,164307,5.85,500.95,0.1784
광화문,22-23시간대,1743136,76431,4.38,404.8,0.2322
광화문,23-24시간대,611824,17497,2.86,263.6,0.4308
광화문,24시간대이후,90497,2832,3.13,42.2,0.4663
교대,06시간대이전,428279,250003,58.37,830.8,1.9399
교대,06-07시간대,1756856,658521,37.48,707.15,0.4025
교대,07-08시간대,3993091,490840,12.29,976.3,0.2445
교대,08-09시간대,9199939,611667,6.65,1469.35,0.1597
교대,09-10시간대,7673038,965870,12.59,1463.85,0.1908
교대,10-11시간대,4635797,1076855,23.23,1338.75,0.2888
교대,11-12시간대,4432606,1435329,32.38,1408.2,0.3177
교대,12-13시간대,4412792,1396878,31.66,1499.65,0.3398
교대,13-14시간대,4991127,1407339,28.2,1627.25,0.326
교대,14-15시간대,5131130,1663191,32.41,1604.95,0.3128
교대,15-16시간대,5197823,1520839,29.26,1682.3,0.3237
교대,16-17시간대,5593115,1296687,23.18,2004.8,0.3584
교대,17-18시간대,8310930,1284722,15.46,2053.55,0.2471
교대,18-19시간대,10599542,834198,7.87,2058.4,0.1942
교대,19-20시간대,5368173,626585,11.67,1458.3,0.2717
교대,20-21시간대,4151676,578158,13.93,1307.9,0.315
교대,21-22시간대,3986173,391767,9.83,1351.25,0.339
교대,22-23시간대,3285690,190985,5.81,1255,0.382
교대,23-24시간대,1426232,54296,3.81,725.55,0.5087
교대,24시간대이후,316560,8827,2.79,110.65,0.3495
구로디지털단지,06시간대이전,1558562,436589,28.01,693.7,0.4451
구로디지털단지,06-07시간대,2603858,489322,18.79,417.7,0.1604
구로디지털단지,07-08시간대,7884120,575863,7.3,512.6,0.065
구로디지털단지,08-09시간대,14478873,730908,5.05,716.85,0.0495
구로디지털단지,09-10시간대,9073640,895230,9.87,682.9,0.0753
구로디지털단지,10-11시간대,4651428,945862,20.33,615.05,0.1322
구로디지털단지,11-12시간대,3928633,920017,23.42,626.35,0.1594
구로디지털단지,12-13시간대,4319842,964662,22.33,679.35,0.1573
구로디지털단지,13-14시간대,4711546,1131314,24.01,752.8,0.1598
구로디지털단지,14-15시간대,4436540,1104288,24.89,712.35,0.1606
구로디지털단지,15-16시간대,4915210,1257950,25.59,702.1,0.1428
구로디지털단지,16-17시간대,5945805,1284758,21.61,896.15,0.1507
구로디지털단지,17-18시간대,8821640,1165263,13.21,880.05,0.0998
구로디지털단지,18-19시간대,13039733,914637,7.01,936.35,0.0718
구로디지털단지,19-20시간대,8242362,655088,7.95,687.05,0.0834
구로디지털단지,20-21시간대,5396436,484294,8.97,585.75,0.1085
구로디지털단지,21-22시간대,4984473,338098,6.78,645.95,0.1296
구로디지털단지,22-23시간대,4408686,198051,4.49,676.9,0.1535
구로디지털단지,23-24시간대,2428611,70515,2.9,516.8,0.2128
구로디지털단지,24시간대이후,630450,14609,2.32,74.9,0.1188
구의,06시간대이전,540178,218275,40.41,252.3,0.4671
구의,06-07시간대,1771449,345379,19.5,245.45,0.1386
구의,07-08시간대,3141799,342551,10.9,353.7,0.1126
구의,08-09시간대,5657608,437789,7.74,540.85,0.0956
구의,09-10시간대,3481091,532668,15.3,502.9,0.1445
구의,10-11시간대,2223477,568206,25.55,483.85,0.2176
구의,11-12시간대,1993535,587731,29.48,576,0.2889
구의,12-13시간대,2157690,571212,26.47,615.15,0.2851
구의,13-14시간대,2258655,563220,24.94,650.45,0.288
구의,14-15시간대,2234287,594447,26.61,632,0.2829
구의,15-16시간대,2568611,697275,27.15,727.15,0.2831
구의,16-17시간대,3120561,663969,21.28,760.9,0.2438
구의,17-18시간대,3756587,575487,15.32,787,0.2095
구의,18-19시간대,5191109,447900,8.63,784.75,0.1512
구의,19-20시간대,3477661,326800,9.4,575.65,0.1655
구의,20-21시간대,2452824,223554,9.11,519.8,0.2119
구의,21-22시간대,2300612,167480,7.28,568.6,0.2472
구의,22-23시간대,2086817,106918,5.12,484.75,0.2323
구의,23-24시간대,1164468,42945,3.69,329.25,0.2827
구의,24시간대이후,319027,6955,2.18,44.95,0.1409
구파발,06시간대이전,498527,171868,34.48,199.2,0.3996
구파발,06-07시간대,1607507,257762,16.03,227.45,0.1415
구파발,07-08시간대,3817919,385552,10.1,322.75,0.0845
구파발,08-09시간대,3997085,536513,13.42,440.25,0.1101
구파발,09-10시간대,2667738,721670,27.05,394.9,0.148
구파발,10-11시간대,2220594,809154,36.44,417.2,0.1879
구파발,11-12시간대,2107227,787390,37.37,371.3,0.1762
구파발,12-13시간대,2195193,747489,34.05,403.25,0.1837
구파발,13-14시간대,2224142,745304,33.51,409.45,0.1841
구파발,14-15시간대,2282961,784594,34.37,391.55,0.1715
구파발,15-16시간대,2465969,848994,34.43,455.15,0.1846
구파발,16-17시간대,2879126,804701,27.95,478.65,0.1662
구파발,17-18시간대,3183661,624248,19.61,517.7,0.1626
구파발,18-19시간대,3855666,468949,12.16,502,0.1302
구파발,19-20시간대,3006275,320977,10.68,354.7,0.118
구파발,20-21시간대,1922355,234092,12.18,287.1,0.1493
구파발,21-22시간대,1708131,159543,9.34,300.8,0.1761
구파발,22-23시간대,1469816,96947,6.6,270.95,0.1843
구파발,23-24시간대,841357,39103,4.65,153.85,0.1829
구파발,24시간대이후,318542,9777,3.07,19.75,0.062
길음,06시간대이전,444665,192063,43.19,561.2,1.2621
길음,06-07시간대,1484578,293006,19.74,402.6,0.2712
길음,07-08시간대,3629927,385730,10.63,564.8,0.1556
길음,08-09시간대,4304827,516827,12.01,813.65,0.189
길음,09-10시간대,2752155,621794,22.59,763.55,0.2774
길음,10-11시간대,2068383,674283,32.6,670.95,0.3244
길음,11-12시간대,2007396,657517,32.75,661.95,0.3298
길음,12-13시간대,2072964,682767,32.94,617.2,0.2977
길음,13-14시간대,2148465,698693,32.52,618.35,0.2878
길음,14-15시간대,2109111,680572,32.27,605.85,0.2873
길음,15-16시간대,2287064,778034,34.02,663.35,0.29
길음,16-17시간대,2753299,760467,27.62,742.85,0.2698
길음,17-18시간대,3277360,655989,20.02,823.45,0.2513
길음,18-19시간대,4080557,537339,13.17,832.65,0.2041
길음,19-20시간대,2952019,365687,12.39,644.2,0.2182
길음,20-21시간대,1987005,252358,12.7,547.8,0.2757
길음,21-22시간대,1775663,170203,9.59,542.95,0.3058
길음,22-23시간대,1710117,102166,5.97,534.9,0.3128
길음,23-24시간대,912420,38935,4.27,438.15,0.4802
길음,24시간대이후,227098,6081,2.68,63.25,0.2785
남부터미널,06시간대이전,161355,87914,54.48,171,1.0598
남부터미널,06-07시간대,1327850,453251,34.13,244.6,0.1842
남부터미널,07-08시간대,3360399,374787,11.15,350.2,0.1042
남부터미널,08-09시간대,7116252,503106,7.07,528.2,0.0742
남부터미널,09-10시간대,4453993,674785,15.15,478.85,0.1075
남부터미널,10-11시간대,3103706,733981,23.65,451.7,0.1455
남부터미널,11-12시간대,2840502,693283,24.41,519,0.1827
남부터미널,12-13시간대,2968561,621364,20.93,549.95,0.1853
남부터미널,13-14시간대,3315213,675539,20.38,558.35,0.1684
남부터미널,14-15시간대,3340350,768592,23.01,561.9,0.1682
남부터미널,15-16시간대,3535052,779127,22.04,603.8,0.1708
남부터미널,16-17시간대,4154509,743116,17.89,733,0.1764
남부터미널,17-18시간대,5899678,668795,11.34,761.55,0.1291
남부터미널,18-19시간대,7071478,518064,7.33,740.9,0.1048
남부터미널,19-20시간대,3726204,363016,9.74,486.6,0.1306
남부터미널,20-21시간대,2524275,282499,11.19,423.95,0.1679
남부터미널,21-22시간대,2160733,201323,9.32,390.95,0.1809
남부터미널,22-23시간대,1687241,101494,6.02,376.65,0.2232
남부터미널,23-24시간대,670335,32125,4.79,190.2,0.2837
남부터미널,24시간대이후,126240,3716,2.94,27.6,0.2186
동대문,06시간대이전,741887,250560,33.77,700.8,0.9446
동대문,06-07시간대,1182927,394934,33.39,657.1,0.5555
동대문,07-08시간대,2294221,601772,26.23,953.45,0.4156
동대문,08-09시간대,4054791,864201,21.31,1474.05,0.3635
동대문,09-10시간대,4221021,1243838,29.47,1478.4,0.3502
동대문,10-11시간대,4273754,1589568,37.19,1382.4,0.3235
동대문,11-12시간대,4520261,1850123,40.93,1414.35,0.3129
동대문,12-13시간대,4630910,1904520,41.13,1515.35,0.3272
동대문,13-14시간대,4778057,1955380,40.92,1584.15,0.3315
동대문,14-15시간대,5032246,2024275,40.23,1558,0.3096
동대문,15-16시간대,5096909,1902811,37.33,1681.95,0.33
동대문,16-17시간대,5250998,1654875,31.52,1784.45,0.3398
동대문,17-18시간대,5556838,1285806,23.14,1933.95,0.348
동대문,18-19시간대,4546471,826946,18.19,1907.75,0.4196
동대문,19-20시간대,3352400,618291,18.44,1339.65,0.3996
동대문,20-21시간대,2560677,428758,16.74,1188.85,0.4643
동대문,21-22시간대,2287799,284536,12.44,1220.6,0.5335
동대문,22-23시간대,1776038,176178,9.92,1134.05,0.6385
동대문,23-24시간대,1023631,66157,6.46,882.95,0.8626
동대문,24시간대이후,227183,12587,5.54,145.7,0.6413
망원,06시간대이전,238580,111494,46.73,313.9,1.3157
망원,06-07시간대,561615,167698,29.86,331.4,0.5901
망원,07-08시간대,1317985,198859,15.09,504.4,0.3827
망원,08-09시간대,2510052,270060,10.76,657.65,0.262
망원,09-10시간대,2046164,424498,20.75,612,0.2991
망원,10-11시간대,1572181,479512,30.5,587.9,0.3739
망원,11-12시간대,1737225,523105,30.11,585.5,0.337
망원,12-13시간대,1981108,556995,28.12,642.3,0.3242
망원,13-14시간대,2168818,552221,25.46,689.55,0.3179
망원,14-15시간대,2070189,534966,25.84,690.4,0.3335
망원,15-16시간대,2268904,617836,27.23,783.35,0.3453
망원,16-17시간대,2453947,566022,23.07,862.5,0.3515
망원,17-18시간대,2771017,462971,16.71,837.35,0.3022
망원,18-19시간대,3345470,319407,9.55,977.3,0.2921
망원,19-20시간대,2355290,211841,8.99,683.45,0.2902
망원,20-21시간대,1632035,141762,8.69,526.1,0.3224
망원,21-22시간대,1470600,92318,6.28,534.15,0.3632
망원,22-23시간대,1204197,55440,4.6,497,0.4127
망원,23-24시간대,687560,28430,4.13,327.25,0.476
망원,24시간대이후,134836,2448,1.82,39.85,0.2955
명동,06시간대이전,99777,50842,50.96,339.3,3.4006
명동,06-07시간대,960896,198763,20.69,266.95,0.2778
명동,07-08시간대,2194609,166466,7.59,365.2,0.1664
명동,08-09시간대,5054069,215673,4.27,601.5,0.119
명동,09-10시간대,4423924,336679,7.61,680.1,0.1537
명동,10-11시간대,3688817,452663,12.27,692.55,0.1877
명동,11-12시간대,3995832,552718,13.83,748.1,0.1872
명동,12-13시간대,4255019,547883,12.88,709.4,0.1667
명동,13-14시간대,4425258,538622,12.17,735.05,0.1661
명동,14-15시간대,4621027,566815,12.27,732.75,0.1586
명동,15-16시간대,5199904,587627,11.3,809.25,0.1556
명동,16-17시간대,5769526,494183,8.57,886.45,0.1536
명동,17-18시간대,6415736,393003,6.13,958.35,0.1494
명동,18-19시간대,7608733,265791,3.49,967.85,0.1272
명동,19-20시간대,5044445,178471,3.54,718.95,0.1425
명동,20-21시간대,4288983,144710,3.37,637.3,0.1486
명동,21-22시간대,3794338,111506,2.94,654.05,0.1724
명동,22-23시간대,3085084,69730,2.26,619.95,0.201
명동,23-24시간대,1357575,17358,1.28,469.35,0.3457
명동,24시간대이후,176953,2408,1.36,51.15,0.2891
미아,06시간대이전,479928,219788,45.8,490.1,1.0212
미아,06-07시간대,999435,279476,27.96,352.8,0.353
미아,07-08시간대,2251874,344660,15.31,498.9,0.2215
미아,08-09시간대,3190649,511208,16.02,703.15,0.2204
미아,09-10시간대,1998550,622797,31.16,664,0.3322
미아,10-11시간대,1566417,672299,42.92,588.1,0.3754
미아,11-12시간대,1601565,685818,42.82,573.3,0.358
미아,12-13시간대,1619527,698968,43.16,532.4,0.3287
미아,13-14시간대,1631425,689966,42.29,545.4,0.3343
미아,14-15시간대,1662183,676384,40.69,521.65,0.3138
미아,15-16시간대,1822017,763015,41.88,576,0.3161
미아,16-17시간대,2122439,711120,33.5,634.35,0.2989
미아,17-18시간대,2342641,599709,25.6,702.35,0.2998
미아,18-19시간대,2735427,463914,16.96,736.4,0.2692
미아,19-20시간대,2009100,339289,16.89,564.9,0.2812
미아,20-21시간대,1320307,221880,16.81,481.95,0.365
미아,21-22시간대,1185836,164760,13.89,482.7,0.4071
미아,22-23시간대,1009834,93692,9.28,473.05,0.4684
미아,23-24시간대,583030,42318,7.26,388.25,0.6659
미아,24시간대이후,143384,5780,4.03,56.65,0.3951
미아사거리,06시간대이전,654047,293617,44.89,289.6,0.4428
미아사거리,06-07시간대,1613312,430816,26.7,210.85,0.1307
미아사거리,07-08시간대,3859207,496943,12.88,313,0.0811
미아사거리,08-09시간대,4626976,656654,14.19,443.4,0.0958
미아사거리,09-10시간대,3297887,852518,25.85,386.05,0.1171
미아사거리,10-11시간대,2590767,988371,38.15,337.65,0.1303
미아사거리,11-12시간대,2559470,1064698,41.6,327.25,0.1279
미아사거리,12-13시간대,2700095,1070748,39.66,306.8,0.1136
미아사거리,13-14시간대,2797065,1065851,38.11,314,0.1123
미아사거리,14-15시간대,2852308,1128590,39.57,306.35,0.1074
미아사거리,15-16시간대,3289679,1287259,39.13,334.9,0.1018
미아사거리,16-17시간대,3733133,1210984,32.44,366.15,0.0981
미아사거리,17-18시간대,4055854,1003579,24.74,418.5,0.1032
미아사거리,18-19시간대,5095602,769543,15.1,428.9,0.0842
미아사거리,19-20시간대,3846613,552462,14.36,329.4,0.0856
미아사거리,20-21시간대,2768817,383374,13.85,276.95,0.1
미아사거리,21-22시간대,2200939,258239,11.73,267.75,0.1217
미아사거리,22-23시간대,1831283,157968,8.63,267.75,0.1462
미아사거리,23-24시간대,1014493,64632,6.37,217.2,0.2141
미아사거리,24시간대이후,221730,9882,4.46,39.45,0.1779
발산,06시간대이전,221716,96483,43.52,351.7,1.5863
발산,06-07시간대,923264,225424,24.42,185.5,0.2009
발산,07-08시간대,2536590,278173,10.97,239.7,0.0945
발산,08-09시간대,5431352,423371,7.79,299.15,0.0551
발산,09-10시간대,2982113,516619,17.32,266.75,0.0894
발산,10-11시간대,1976677,616470,31.19,272.65,0.1379
발산,11-12시간대,2057237,703567,34.2,288.7,0.1403
발산,12-13시간대,2177913,672136,30.86,317.95,0.146
발산,13-14시간대,2320817,671390,28.93,343.55,0.148
발산,14-15시간대,2364915,721091,30.49,349.15,0.1476
발산,15-16시간대,2611241,753731,28.86,386,0.1478
발산,16-17시간대,2951437,677429,22.95,438.25,0.1485
발산,17-18시간대,4136482,550455,13.31,432.95,0.1047
발산,18-19시간대,5325315,400828,7.53,444.85,0.0835
발산,19-20시간대,2890405,267441,9.25,313.15,0.1083
발산,20-21시간대,2081912,197115,9.47,264.7,0.1271
발산,21-22시간대,1884239,142333,7.55,248.8,0.132
발산,22-23시간대,1560001,88524,5.67,240.05,0.1539
발산,23-24시간대,755163,29320,3.88,154.3,0.2043
발산,24시간대이후,167559,5959,3.56,42.4,0.253
봉천,06시간대이전,610193,288827,47.33,591.8,0.9699
봉천,06-07시간대,1295522,359421,27.74,433.65,0.3347
봉천,07-08시간대,3444533,418920,12.16,561.75,0.1631
봉천,08-09시간대,5296847,572189,10.8,798.05,0.1507
봉천,09-10시간대,3477640,756380,21.75,775.8,0.2231
봉천,10-11시간대,2263202,803722,35.51,681.3,0.301
봉천,11-12시간대,2074413,856656,41.3,656.05,0.3163
봉천,12-13시간대,2222931,860542,38.71,684.25,0.3078
봉천,13-14시간대,2262066,874681,38.67,788.25,0.3485
봉천,14-15시간대,2224116,886685,39.87,728.15,0.3274
봉천,15-16시간대,2478156,1001329,40.41,731.9,0.2953
봉천,16-17시간대,2764337,948780,34.32,940.35,0.3402
봉천,17-18시간대,3269895,791868,24.22,903.3,0.2762
봉천,18-19시간대,4368818,605735,13.86,918.45,0.2102
봉천,19-20시간대,3375057,432414,12.81,718.15,0.2128
봉천,20-21시간대,2289707,305965,13.36,629.2,0.2748
봉천,21-22시간대,2105508,216906,10.3,717.2,0.3406
봉천,22-23시간대,1876880,127115,6.77,712.15,0.3794
봉천,23-24시간대,1053338,46252,4.39,498.1,0.4729
봉천,24시간대이후,320295,9097,2.84,77.05,0.2406
사당,06시간대이전,1055767,361880,34.28,886.5,0.8397
사당,06-07시간대,3958014,804912,20.34,744.3,0.188
사당,07-08시간대,7891691,718422,9.1,1012.75,0.1283
사당,08-09시간대,10344111,830371,8.03,1455.5,0.1407
사당,09-10시간대,7954687,1212770,15.25,1535.5,0.193
사당,10-11시간대,5977444,1550186,25.93,1453.5,0.2432
사당,11-12시간대,6314925,2112753,33.46,1309.85,0.2074
사당,12-13시간대,6634347,2054415,30.97,1311.95,0.1978
사당,13-14시간대,6501415,1736163,26.7,1452.6,0.2234
사당,14-15시간대,6677960,1979373,29.64,1419.95,0.2126
사당,15-16시간대,7351668,2054133,27.94,1421.55,0.1934
사당,16-17시간대,8811256,1936412,21.98,1729.3,0.1963
사당,17-18시간대,11797047,1712500,14.52,1743.75,0.1478
사당,18-19시간대,15279883,1219187,7.98,1872.8,0.1226
사당,19-20시간대,10283553,953826,9.28,1364.85,0.1327
사당,20-21시간대,7618929,836247,10.98,1183.25,0.1553
사당,21-22시간대,7638055,570252,7.47,1312.6,0.1719
사당,22-23시간대,7091899,297037,4.19,1267.3,0.1787
사당,23-24시간대,4078242,108037,2.65,927.1,0.2273
사당,24시간대이후,920998,22377,2.43,149.25,0.1621
상계,06시간대이전,549540,210242,38.26,76,0.1383
상계,06-07시간대,1651793,342612,20.74,117.7,0.0713
상계,07-08시간대,3697741,449534,12.16,165.15,0.0447
상계,08-09시간대,3387362,572073,16.89,224.3,0.0662
상계,09-10시간대,2251369,651749,28.95,194.05,0.0862
상계,10-11시간대,1755037,681288,38.82,177.2,0.101
상계,11-12시간대,1692527,685630,40.51,159.4,0.0942
상계,12-13시간대,1911320,763877,39.97,155.6,0.0814
상계,13-14시간대,1859122,688882,37.05,154.4,0.083
상계,14-15시간대,1771802,660066,37.25,148.8,0.084
상계,15-16시간대,1966738,728881,37.06,151.95,0.0773
상계,16-17시간대,2321056,732523,31.56,158.3,0.0682
상계,17-18시간대,2660564,677302,25.46,179.1,0.0673
상계,18-19시간대,3281527,564372,17.2,166.35,0.0507
상계,19-20시간대,2731366,400626,14.67,116.45,0.0426
상계,20-21시간대,1793549,266977,14.89,105.4,0.0588
상계,21-22시간대,1597594,199648,12.5,98.1,0.0614
상계,22-23시간대,1499373,113275,7.55,103.25,0.0689
상계,23-24시간대,861224,47981,5.57,74.65,0.0867
상계,24시간대이후,228518,11381,4.98,11.9,0.0521
서울대입구,06시간대이전,1259304,535732,42.54,568.8,0.4517
서울대입구,06-07시간대,2092813,425258,20.32,453.75,0.2168
서울대입구,07-08시간대,5497228,464352,8.45,605.6,0.1102
서울대입구,08-09시간대,8648661,548517,6.34,845.85,0.0978
서울대입구,09-10시간대,6497109,851884,13.11,830.15,0.1278
서울대입구,10-11시간대,4422099,972165,21.98,728.2,0.1647
서울대입구,11-12시간대,3871345,959263,24.78,693.75,0.1792
서울대입구,12-13시간대,4269999,921303,21.58,727.2,0.1703
서울대입구,13-14시간대,4573803,1032587,22.58,831.35,0.1818
서울대입구,14-15시간대,4348589,1023970,23.55,763.8,0.1756
서울대입구,15-16시간대,4802817,1128382,23.49,778.4,0.1621
서울대입구,16-17시간대,5470019,1058167,19.34,993.55,0.1816
서울대입구,17-18시간대,6863489,878084,12.79,952.85,0.1388
서울대입구,18-19시간대,9353250,680565,7.28,962.65,0.1029
서울대입구,19-20시간대,6912842,490913,7.1,752.55,0.1089
서울대입구,20-21시간대,4843673,338628,6.99,667.6,0.1378
서울대입구,21-22시간대,4701723,250373,5.33,759.8,0.1616
서울대입구,22-23시간대,4443672,152794,3.44,738.4,0.1662
서울대입구,23-24시간대,2563754,58374,2.28,533.45,0.2081
서울대입구,24시간대이후,814021,37246,4.58,83.25,0.1023
선릉,06시간대이전,498507,245631,49.27,327.5,0.657
선릉,06-07시간대,2505399,684769,27.33,302.35,0.1207
선릉,07-08시간대,7019302,456549,6.5,399.85,0.057
선릉,08-09시간대,16202567,700282,4.32,641.45,0.0396
선릉,09-10시간대,12374402,1309296,10.58,639.4,0.0517
선릉,10-11시간대,6832812,1397970,20.46,591,0.0865
선릉,11-12시간대,5442573,1367433,25.12,646.9,0.1189
선릉,12-13시간대,5652449,1321590,23.38,697.7,0.1234
선릉,13-14시간대,6348784,1602790,25.25,770.25,0.1213
선릉,14-15시간대,6111598,1774657,29.04,753.35,0.1233
선릉,15-16시간대,6792492,1980588,29.16,817.9,0.1204
선릉,16-17시간대,8150374,1967471,24.14,949.7,0.1165
선릉,17-18시간대,12133549,1452749,11.97,1006.4,0.0829
선릉,18-19시간대,16172735,989939,6.12,1024.05,0.0633
선릉,19-20시간대,8372672,703197,8.4,720.25,0.086
선릉,20-21시간대,5354491,532470,9.94,661.6,0.1236
선릉,21-22시간대,4927564,352933,7.16,720.25,0.1462
선릉,22-23시간대,4157843,174058,4.19,631.75,0.1519
선릉,23-24시간대,1658356,53370,3.22,352.75,0.2127
선릉,24시간대이후,355525,10403,2.93,54.5,0.1533
수유,06시간대이전,927308,343449,37.04,490.4,0.5288
수유,06-07시간대,2069089,455607,22.02,344.7,0.1666
수유,07-08시간대,4683408,553507,11.82,475.55,0.1015
수유,08-09시간대,6284989,803290,12.78,675.4,0.1075
수유,09-10시간대,4280886,981421,22.93,638.3,0.1491
수유,10-11시간대,3171351,1067388,33.66,563.5,0.1777
수유,11-12시간대,3148580,1084749,34.45,535.45,0.1701
수유,12-13시간대,3338980,1077800,32.28,507.6,0.152
수유,13-14시간대,3455515,1069726,30.96,509.65,0.1475
수유,14-15시간대,3438117,1083100,31.5,483.2,0.1405
수유,15-16시간대,3794319,1199215,31.61,524.6,0.1383
수유,16-17시간대,4489051,1190225,26.51,573.1,0.1277
수유,17-18시간대,5177443,1045501,20.19,630,0.1217
수유,18-19시간대,6754559,839314,12.43,655.8,0.0971
수유,19-20시간대,5239143,607696,11.6,493,0.0941
수유,20-21시간대,3592230,403847,11.24,417.3,0.1162
수유,21-22시간대,3213835,287858,8.96,416.9,0.1297
수유,22-23시간대,2859063,180473,6.31,405.15,0.1417
수유,23-24시간대,1812696,80773,4.46,339.05,0.187
수유,24시간대이후,420980,14465,3.44,48,0.114
신대방,06시간대이전,945225,340644,36.04,601.6,0.6365
신대방,06-07시간대,1574560,382893,24.32,393.1,0.2497
신대방,07-08시간대,3727197,462444,12.41,490.95,0.1317
신대방,08-09시간대,5567268,566576,10.18,723.4,0.1299
신대방,09-10시간대,3624471,667621,18.42,679.45,0.1875
신대방,10-11시간대,2326956,686859,29.52,607.8,0.2612
신대방,11-12시간대,2053982,654541,31.87,593.95,0.2892
신대방,12-13시간대,2174058,652754,30.02,639.75,0.2943
신대방,13-14시간대,2239157,679466,30.34,722.85,0.3228
신대방,14-15시간대,2200227,700380,31.83,676.9,0.3077
신대방,15-16시간대,2533395,820469,32.39,667.05,0.2633
신대방,16-17시간대,2859453,778406,27.22,856.65,0.2996
신대방,17-18시간대,3461420,658240,19.02,816.75,0.236
신대방,18-19시간대,4450147,544075,12.23,856.5,0.1925
신대방,19-20시간대,3590641,389504,10.85,650.35,0.1811
신대방,20-21시간대,2585013,272823,10.55,566.1,0.219
신대방,21-22시간대,2568917,209569,8.16,623.55,0.2427
신대방,22-23시간대,2326081,126789,5.45,654.35,0.2813
신대방,23-24시간대,1317190,50517,3.84,492.1,0.3736
신대방,24시간대이후,361406,9121,2.52,71.65,0.1983
신도림,06시간대이전,1744116,521504,29.9,371.9,0.2132
신도림,06-07시간대,2893997,549347,18.98,417.75,0.1444
신도림,07-08시간대,7079425,605017,8.55,617.8,0.0873
신도림,08-09시간대,10050513,820594,8.16,993.3,0.0988
신도림,09-10시간대,6363682,1038255,16.32,801.7,0.126
신도림,10-11시간대,4885562,1264824,25.89,725.5,0.1485
신도림,11-12시간대,4861908,1486440,30.57,789.5,0.1624
신도림,12-13시간대,5241813,1454795,27.75,881.1,0.1681
신도림,13-14시간대,5546560,1446688,26.08,963.65,0.1737
신도림,14-15시간대,5472530,1532867,28.01,912.1,0.1667
신도림,15-16시간대,6018659,1663079,27.63,929.2,0.1544
신도림,16-17시간대,6852995,1544981,22.54,1039.75,0.1517
신도림,17-18시간대,8763068,1338356,15.27,1118.9,0.1277
신도림,18-19시간대,11625327,987100,8.49,1223.9,0.1053
신도림,19-20시간대,7518795,681904,9.07,846.6,0.1126
신도림,20-21시간대,5357555,518231,9.67,773.85,0.1444
신도림,21-22시간대,5035658,340424,6.76,770.75,0.1531
신도림,22-23시간대,4434348,182291,4.11,778.5,0.1756
신도림,23-24시간대,2718300,80333,2.96,523.9,0.1927
신도림,24시간대이후,905972,30285,3.34,61.25,0.0676
신림,06시간대이전,1532130,515332,33.63,628.2,0.41
신림,06-07시간대,3172105,595399,18.77,428.5,0.1351
신림,07-08시간대,7713141,600893,7.79,549.85,0.0713
신림,08-09시간대,11476687,749471,6.53,803.45,0.07
신림,09-10시간대,7700895,1004347,13.04,761.75,0.0989
신림,10-11시간대,5042155,1151018,22.83,664.4,0.1318
신림,11-12시간대,4642022,1230880,26.52,639.5,0.1378
신림,12-13시간대,5035870,1165123,23.14,683.4,0.1357
신림,13-14시간대,5141367,1147389,22.32,766.8,0.1491
신림,14-15시간대,5135247,1214174,23.64,704.5,0.1372
신림,15-16시간대,5715546,1361359,23.82,695.7,0.1217
신림,16-17시간대,6593241,1300965,19.73,891.55,0.1352
신림,17-18시간대,8011893,1139521,14.22,827.75,0.1033
신림,18-19시간대,11223592,944625,8.42,839.75,0.0748
신림,19-20시간대,9137621,657376,7.19,639.45,0.07
신림,20-21시간대,6387643,468865,7.34,555.95,0.087
신림,21-22시간대,6065760,348585,5.75,623.85,0.1028
신림,22-23시간대,5525047,208519,3.77,638.75,0.1156
신림,23-24시간대,3468588,94024,2.71,435.8,0.1256
신림,24시간대이후,1002945,15869,1.58,61.9,0.0617
쌍문,06시간대이전,940032,346110,36.82,215.4,0.2291
쌍문,06-07시간대,2226073,487614,21.9,324.9,0.146
쌍문,07-08시간대,4949854,587276,11.86,425.85,0.086
쌍문,08-09시간대,5539703,737466,13.31,614.45,0.1109
쌍문,09-10시간대,3597723,924119,25.69,577.05,0.1604
쌍문,10-11시간대,2719983,995976,36.62,514.05,0.189
쌍문,11-12시간대,2535761,967062,38.14,474.2,0.187
쌍문,12-13시간대,2701435,967545,35.82,457.35,0.1693
쌍문,13-14시간대,2649327,911364,34.4,453.6,0.1712
쌍문,14-15시간대,2553117,900762,35.28,428.65,0.1679
쌍문,15-16시간대,2887387,1040527,36.04,465.3,0.1611
쌍문,16-17시간대,3362916,1029089,30.6,500.75,0.1489
쌍문,17-18시간대,3927469,916333,23.33,552.6,0.1407
쌍문,18-19시간대,4980795,736215,14.78,565.9,0.1136
쌍문,19-20시간대,4270609,554409,12.98,417,0.0976
쌍문,20-21시간대,2796441,383190,13.7,356.1,0.1273
쌍문,21-22시간대,2447853,276744,11.31,351,0.1434
쌍문,22-23시간대,2179298,180476,8.28,342.6,0.1572
쌍문,23-24시간대,1340149,79441,5.93,291.75,0.2177
쌍문,24시간대이후,383179,15099,3.94,38.8,0.1013
암사,06시간대이전,582097,267885,46.02,183.6,0.3154
암사,06-07시간대,1160062,294695,25.4,215.75,0.186
암사,07-08시간대,2992886,376281,12.57,317.85,0.1062
암사,08-09시간대,4038597,450411,11.15,423.95,0.105
암사,09-10시간대,2246296,532625,23.71,395.35,0.176
암사,10-11시간대,1486684,568602,38.25,341.5,0.2297
암사,11-12시간대,1445783,593965,41.08,338.15,0.2339
암사,12-13시간대,1539704,601700,39.08,351.9,0.2286
암사,13-14시간대,1544060,590948,38.27,356.3,0.2308
암사,14-15시간대,1496533,587990,39.29,346,0.2312
암사,15-16시간대,1711137,676521,39.54,349.6,0.2043
암사,16-17시간대,1954266,668961,34.23,394.2,0.2017
암사,17-18시간대,2389206,572345,23.96,397.85,0.1665
암사,18-19시간대,3239654,440773,13.61,371.9,0.1148
암사,19-20시간대,2397548,319095,13.31,273.15,0.1139
암사,20-21시간대,1518710,218873,14.41,235.95,0.1554
암사,21-22시간대,1260808,155418,12.33,237.55,0.1884
암사,22-23시간대,1181718,105121,8.9,231.15,0.1956
암사,23-24시간대,604128,40781,6.75,144.45,0.2391
암사,24시간대이후,169606,9414,5.55,26.2,0.1545
양재,06시간대이전,290957,133880,46.01,112.9,0.388
양재,06-07시간대,1997080,554632,27.77,194.55,0.0974
양재,07-08시간대,5150115,418605,8.13,272.4,0.0529
양재,08-09시간대,9799695,481636,4.91,417.9,0.0426
양재,09-10시간대,5474107,663259,12.12,378.05,0.0691
양재,10-11시간대,3150412,736203,23.37,366.65,0.1164
양재,11-12시간대,2918666,889693,30.48,410.05,0.1405
양재,12-13시간대,2944147,810885,27.54,446.5,0.1517
양재,13-14시간대,3289297,824642,25.07,454.9,0.1383
양재,14-15시간대,3284780,954283,29.05,459.8,0.14
양재,15-16시간대,3631474,975951,26.87,492.55,0.1356
양재,16-17시간대,4362240,892661,20.46,594.45,0.1363
양재,17-18시간대,6982943,833482,11.94,619.65,0.0887
양재,18-19시간대,9500678,569039,5.99,616.55,0.0649
양재,19-20시간대,4944157,438771,8.87,391.65,0.0792
양재,20-21시간대,3477605,387116,11.13,337.55,0.0971
양재,21-22시간대,3179725,281422,8.85,324.15,0.1019
양재,22-23시간대,2312829,150928,6.53,309.9,0.134
양재,23-24시간대,958748,43972,4.59,164.8,0.1719
양재,24시간대이후,187479,5813,3.1,25.65,0.1368
연신내,06시간대이전,999434,408921,40.92,337.7,0.3379
연신내,06-07시간대,2207292,518532,23.49,342.7,0.1553
연신내,07-08시간대,5095135,701585,13.77,510.45,0.1002
연신내,08-09시간대,6418573,980791,15.28,670.8,0.1045
연신내,09-10시간대,4353197,1242431,28.54,629.75,0.1447
연신내,10-11시간대,3382349,1383177,40.89,636.8,0.1883
연신내,11-12시간대,3337910,1515799,45.41,613.75,0.1839
연신내,12-13시간대,3616271,1600353,44.25,636.45,0.176
연신내,13-14시간대,3562263,1483957,41.66,665.3,0.1868
연신내,14-15시간대,3527547,1476810,41.87,635.35,0.1801
연신내,15-16시간대,3966107,1636617,41.27,717.5,0.1809
연신내,16-17시간대,4566544,1588297,34.78,776.15,0.17
연신내,17-18시간대,5060687,1300839,25.7,780.6,0.1542
연신내,18-19시간대,6472846,999676,15.44,754.25,0.1165
연신내,19-20시간대,5143811,718811,13.97,540.05,0.105
연신내,20-21시간대,3376255,479462,14.2,442.05,0.1309
연신내,21-22시간대,3056307,357886,11.71,452.75,0.1481
연신내,22-23시간대,2624152,223152,8.5,401.85,0.1531
연신내,23-24시간대,1574872,95153,6.04,258.7,0.1643
연신내,24시간대이후,461632,18604,4.03,48.05,0.1041
우장산,06시간대이전,295324,134571,45.57,393.5,1.3324
우장산,06-07시간대,986491,208111,21.1,231.35,0.2345
우장산,07-08시간대,2470268,279430,11.31,323.3,0.1309
우장산,08-09시간대,2916556,414462,14.21,425.2,0.1458
우장산,09-10시간대,1717847,507191,29.52,356.1,0.2073
우장산,10-11시간대,1426530,584291,40.96,354.5,0.2485
우장산,11-12시간대,1397596,604785,43.27,371.75,0.266
우장산,12-13시간대,1531356,603807,39.43,401.5,0.2622
우장산,13-14시간대,1554809,578734,37.22,422.2,0.2715
우장산,14-15시간대,1522444,591939,38.88,410.95,0.2699
우장산,15-16시간대,1729326,658029,38.05,437.65,0.2531
우장산,16-17시간대,1997226,640055,32.05,492,0.2463
우장산,17-18시간대,2185614,523146,23.94,490.75,0.2245
우장산,18-19시간대,2737546,406373,14.84,487.8,0.1782
우장산,19-20시간대,1976263,273451,13.84,343.35,0.1737
우장산,20-21시간대,1272057,179475,14.11,283.2,0.2226
우장산,21-22시간대,1136382,123150,10.84,259.7,0.2285
우장산,22-23시간대,1094726,75099,6.86,252.7,0.2308
우장산,23-24시간대,564519,27367,4.85,159.5,0.2825
우장산,24시간대이후,138594,4993,3.6,28.55,0.206
을지로3가,06시간대이전,186114,94544,50.8,418.1,2.2465
을지로3가,06-07시간대,1247584,225007,18.04,483.4,0.3875
을지로3가,07-08시간대,4229118,265879,6.29,754.3,0.1784
을지로3가,08-09시간대,9744588,501445,5.15,1183.15,0.1214
을지로3가,09-10시간대,4675069,631241,13.5,1200.95,0.2569
을지로3가,10-11시간대,2978802,694143,23.3,1201.65,0.4034
을지로3가,11-12시간대,2906617,701743,24.14,1347.95,0.4638
을지로3가,12-13시간대,2881018,683337,23.72,1464.85,0.5084
을지로3가,13-14시간대,3185968,701317,22.01,1536.95,0.4824
을지로3가,14-15시간대,3263229,838524,25.7,1554.2,0.4763
을지로3가,15-16시간대,3515463,808630,23,1720.05,0.4893
을지로3가,16-17시간대,4237638,725872,17.13,1871.7,0.4417
을지로3가,17-18시간대,7034846,650129,9.24,1970.7,0.2801
을지로3가,18-19시간대,9832248,475699,4.84,1944.8,0.1978
을지로3가,19-20시간대,4570201,303009,6.63,1350.55,0.2955
을지로3가,20-21시간대,3232692,229744,7.11,1234.7,0.3819
을지로3가,21-22시간대,3207099,173434,5.41,1229.85,0.3835
을지로3가,22-23시간대,2698414,86763,3.22,1202.75,0.4457
을지로3가,23-24시간대,1551473,31400,2.02,839.1,0.5408
을지로3가,24시간대이후,290564,4393,1.51,90.5,0.3115
응암,06시간대이전,484022,249976,51.65,238.2,0.4921
응암,06-07시간대,1188425,336491,28.31,173.9,0.1463
응암,07-08시간대,2899326,406881,14.03,303.35,0.1046
응암,08-09시간대,3814619,541648,14.2,377.55,0.099
응암,09-10시간대,2260571,598418,26.47,378.85,0.1676
응암,10-11시간대,1609849,648586,40.29,347.4,0.2158
응암,11-12시간대,1539965,676487,43.93,324.7,0.2108
응암,12-13시간대,1669750,690959,41.38,369.9,0.2215
응암,13-14시간대,1654110,671460,40.59,368.75,0.2229
응암,14-15시간대,1609727,654996,40.69,331,0.2056
응암,15-16시간대,1842755,759478,41.21,370.8,0.2012
응암,16-17시간대,2159958,754896,34.95,409.9,0.1898
응암,17-18시간대,2577301,662808,25.72,363.8,0.1412
응암,18-19시간대,3526968,511235,14.5,376.8,0.1068
응암,19-20시간대,2625429,374663,14.27,255.15,0.0972
응암,20-21시간대,1741975,268573,15.42,191.3,0.1098
응암,21-22시간대,1486268,187609,12.62,209.6,0.141
응암,22-23시간대,1294549,120393,9.3,188.7,0.1458
응암,23-24시간대,794092,50591,6.37,111.55,0.1405
응암,24시간대이후,225034,9101,4.04,14.4,0.064
잠실,06시간대이전,820133,302931,36.94,527.1,0.6427
잠실,06-07시간대,3662780,619993,16.93,660.3,0.1803
잠실,07-08시간대,8800870,623430,7.08,887.8,0.1009
잠실,08-09시간대,15851743,754600,4.76,1340.95,0.0846
잠실,09-10시간대,12605291,1056890,8.38,1256.25,0.0997
잠실,10-11시간대,9464880,1586676,16.76,1119.8,0.1183
잠실,11-12시간대,9686449,1983975,20.48,1225.25,0.1265
잠실,12-13시간대,10076539,1680613,16.68,1338.4,0.1328
잠실,13-14시간대,10793226,1750383,16.22,1446.95,0.1341
잠실,14-15시간대,11318718,2035833,17.99,1492.15,0.1318
잠실,15-16시간대,12916545,2300865,17.81,1706.15,0.1321
잠실,16-17시간대,14651490,2073724,14.15,1930.8,0.1318
잠실,17-18시간대,17877082,1674628,9.37,2116.85,0.1184
잠실,18-19시간대,21862065,1189066,5.44,2198.8,0.1006
잠실,19-20시간대,14486704,830530,5.73,1602.5,0.1106
잠실,20-21시간대,12074509,637846,5.28,1516.05,0.1256
잠실,21-22시간대,11007036,446593,4.06,1591.35,0.1446
잠실,22-23시간대,8295074,267050,3.22,1407.15,0.1696
잠실,23-24시간대,3393152,72757,2.14,842.45,0.2483
잠실,24시간대이후,694576,12685,1.83,124.7,0.1795
잠실나루,06시간대이전,225954,67274,29.77,220.9,0.9776
잠실나루,06-07시간대,1056287,201093,19.04,224.45,0.2125
잠실나루,07-08시간대,2185711,255510,11.69,319.2,0.146
잠실나루,08-09시간대,3075660,375944,12.22,506.35,0.1646
잠실나루,09-10시간대,2024036,496899,24.55,482.25,0.2383
잠실나루,10-11시간대,1595706,559355,35.05,455.7,0.2856
잠실나루,11-12시간대,1501851,549845,36.61,546.45,0.3639
잠실나루,12-13시간대,1585897,534782,33.72,585.15,0.369
잠실나루,13-14시간대,1565051,509395,32.55,611.4,0.3907
잠실나루,14-15시간대,1549268,533974,34.47,609.15,0.3932
잠실나루,15-16시간대,1675120,549496,32.8,707.95,0.4226
잠실나루,16-17시간대,2024519,547178,27.03,748.05,0.3695
잠실나루,17-18시간대,2419298,434502,17.96,763.6,0.3156
잠실나루,18-19시간대,2551720,294228,11.53,788,0.3088
잠실나루,19-20시간대,1603427,217622,13.57,565.4,0.3526
잠실나루,20-21시간대,1086432,164169,15.11,525.7,0.4839
잠실나루,21-22시간대,954180,109097,11.43,560.3,0.5872
잠실나루,22-23시간대,834432,59052,7.08,475.95,0.5704
잠실나루,23-24시간대,434810,18411,4.23,316.4,0.7277
잠실나루,24시간대이후,117656,2798,2.38,45.95,0.3905
장한평,06시간대이전,333119,144515,43.38,325.7,0.9777
장한평,06-07시간대,1169940,328610,28.09,370.3,0.3165
장한평,07-08시간대,2838698,365337,12.87,555.25,0.1956
장한평,08-09시간대,5132392,456028,8.89,681.55,0.1328
장한평,09-10시간대,2528493,439927,17.4,650.25,0.2572
장한평,10-11시간대,1684113,560260,33.27,635.3,0.3772
장한평,11-12시간대,1518710,530734,34.95,656.1,0.432
장한평,12-13시간대,1599938,507267,31.71,701.3,0.4383
장한평,13-14시간대,1621040,493017,30.41,739.4,0.4561
장한평,14-15시간대,1574235,487603,30.97,722.5,0.459
장한평,15-16시간대,1752254,556063,31.73,776.15,0.4429
장한평,16-17시간대,2201367,607280,27.59,894.15,0.4062
장한평,17-18시간대,3043734,584444,19.2,961.55,0.3159
장한평,18-19시간대,4641497,570508,12.29,834.05,0.1797
장한평,19-20시간대,2629288,325849,12.39,646.45,0.2459
장한평,20-21시간대,1615202,185721,11.5,589.25,0.3648
장한평,21-22시간대,1444545,126336,8.75,565.4,0.3914
장한평,22-23시간대,1242581,77157,6.21,520.4,0.4188
장한평,23-24시간대,700796,29395,4.19,369.75,0.5276
장한평,24시간대이후,184177,4309,2.34,59.9,0.3252
제기동,06시간대이전,284230,127113,44.72,212.6,0.748
제기동,06-07시간대,662272,252617,38.14,214.6,0.324
제기동,07-08시간대,1527725,371113,24.29,315.4,0.2065
제기동,08-09시간대,2522844,591878,23.46,467.75,0.1854
제기동,09-10시간대,2044042,998490,48.85,434.9,0.2128
제기동,10-11시간대,2274078,1567391,68.92,432.7,0.1903
제기동,11-12시간대,2770920,2044065,73.77,410.1,0.148
제기동,12-13시간대,3044700,2287712,75.14,512.4,0.1683
제기동,13-14시간대,3175786,2393475,75.37,497.5,0.1567
제기동,14-15시간대,3193688,2381925,74.58,540.95,0.1694
제기동,15-16시간대,3076010,2268773,73.76,551.75,0.1794
제기동,16-17시간대,2927681,1939448,66.25,543.75,0.1857
제기동,17-18시간대,2597044,1282773,49.39,617.95,0.2379
제기동,18-19시간대,2368955,740164,31.24,573.5,0.2421
제기동,19-20시간대,1405789,464282,33.03,394.2,0.2804
제기동,20-21시간대,933278,258860,27.74,337.65,0.3618
제기동,21-22시간대,737138,127017,17.23,328,0.445
제기동,22-23시간대,556963,60910,10.94,311.2,0.5587
제기동,23-24시간대,309024,21549,6.97,219.55,0.7105
제기동,24시간대이후,58818,3745,6.37,67.35,1.1451
종각,06시간대이전,349299,134264,38.44,138.4,0.3962
종각,06-07시간대,1297893,247130,19.04,189.4,0.1459
종각,07-08시간대,4251770,258661,6.08,302.65,0.0712
종각,08-09시간대,9893520,424115,4.29,428.8,0.0433
종각,09-10시간대,5780220,652648,11.29,480,0.083
종각,10-11시간대,2966815,779724,26.28,506.85,0.1708
종각,11-12시간대,3220476,939432,29.17,511.95,0.159
종각,12-13시간대,3200067,928242,29.01,599.1,0.1872
종각,13-14시간대,3504296,929175,26.52,641.35,0.183
종각,14-15시간대,3608895,1052506,29.16,661.25,0.1832
종각,15-16시간대,3928041,1108510,28.22,718.55,0.1829
종각,16-17시간대,4606069,929425,20.18,694.7,0.1508
종각,17-18시간대,7341628,703166,9.58,753.25,0.1026
종각,18-19시간대,9711150,460035,4.74,797.4,0.0821
종각,19-20시간대,4450018,352735,7.93,519.6,0.1168
종각,20-21시간대,3582948,294670,8.22,453.95,0.1267
종각,21-22시간대,3546568,230773,6.51,449.85,0.1268
종각,22-23시간대,2559230,116729,4.56,381.75,0.1492
종각,23-24시간대,1150440,28876,2.51,262.1,0.2278
종각,24시간대이후,101438,3034,2.99,71.85,0.7083
종로3가,06시간대이전,401016,182842,45.59,551.6,1.3755
종로3가,06-07시간대,1201278,438030,36.46,741.75,0.6175
종로3가,07-08시간대,2467909,508867,20.62,1215.4,0.4925
종로3가,08-09시간대,6181812,841477,13.61,1731.95,0.2802
종로3가,09-10시간대,6134187,1465652,23.89,1751.5,0.2855
종로3가,10-11시간대,5868495,2153948,36.7,1733.65,0.2954
종로3가,11-12시간대,6737474,2976536,44.18,1813.3,0.2691
종로3가,12-13시간대,7342466,3548936,48.33,1979.8,0.2696
종로3가,13-14시간대,7435587,3322767,44.69,2068.85,0.2782
종로3가,14-15시간대,7603603,3381346,44.47,2131.25,0.2803
종로3가,15-16시간대,7893593,3276223,41.5,2351.15,0.2979
종로3가,16-17시간대,8491553,3072129,36.18,2528.7,0.2978
종로3가,17-18시간대,9730169,2513040,25.83,2659.25,0.2733
종로3가,18-19시간대,11146718,1784600,16.01,2496.2,0.2239
종로3가,19-20시간대,6494310,1225093,18.86,1723.8,0.2654
종로3가,20-21시간대,4970758,858627,17.27,1502.75,0.3023
종로3가,21-22시간대,4986439,577123,11.57,1446.15,0.29
종로3가,22-23시간대,3971467,319832,8.05,1281.85,0.3228
종로3가,23-24시간대,2048941,109161,5.33,847.15,0.4135
종로3가,24시간대이후,369614,15780,4.27,151.7,0.4104
종로5가,06시간대이전,205793,99663,48.43,141.9,0.6895
종로5가,06-07시간대,694063,243544,35.09,203.3,0.2929
종로5가,07-08시간대,1690418,384979,22.77,348.2,0.206
종로5가,08-09시간대,3724395,541208,14.53,511.4,0.1373
종로5가,09-10시간대,2828760,889379,31.44,535.9,0.1894
종로5가,10-11시간대,2970314,1338177,45.05,537.35,0.1809
종로5가,11-12시간대,3504558,1730212,49.37,533.4,0.1522
종로5가,12-13시간대,3683262,1807328,49.07,660.45,0.1793
종로5가,13-14시간대,3822089,1848812,48.37,664.05,0.1737
종로5가,14-15시간대,3981448,1983609,49.82,709,0.1781
종로5가,15-16시간대,3858059,1855624,48.1,748.1,0.1939
종로5가,16-17시간대,3927885,1599043,40.71,694.55,0.1768
종로5가,17-18시간대,4456749,1246253,27.96,745.8,0.1673
종로5가,18-19시간대,4562747,812921,17.82,751.2,0.1646
종로5가,19-20시간대,2457441,510986,20.79,478.1,0.1946
종로5가,20-21시간대,1670684,315582,18.89,413.3,0.2474
종로5가,21-22시간대,1434336,215827,15.05,417,0.2907
종로5가,22-23시간대,918569,102686,11.18,346.05,0.3767
종로5가,23-24시간대,348141,30435,8.74,257.65,0.7401
종로5가,24시간대이후,49086,2885,5.88,66.4,1.3527
창동,06시간대이전,782885,342888,43.8,153.9,0.1966
창동,06-07시간대,1884874,468573,24.86,249.95,0.1326
창동,07-08시간대,3845479,583630,15.18,330.3,0.0859
창동,08-09시간대,4437350,860155,19.38,473,0.1066
창동,09-10시간대,3138449,1046217,33.34,451.7,0.1439
창동,10-11시간대,2704108,1195408,44.21,404.65,0.1496
창동,11-12시간대,2664516,1214671,45.59,367.35,0.1379
창동,12-13시간대,2950517,1303439,44.18,370.95,0.1257
창동,13-14시간대,3108797,1368677,44.03,359.45,0.1156
창동,14-15시간대,3100215,1381824,44.57,349.9,0.1129
창동,15-16시간대,3394328,1511142,44.52,372.7,0.1098
창동,16-17시간대,3837976,1448251,37.73,400.3,0.1043
창동,17-18시간대,4257476,1248894,29.33,432.25,0.1015
창동,18-19시간대,5155718,1009862,19.59,437.25,0.0848
창동,19-20시간대,3817290,667997,17.5,309.35,0.081
창동,20-21시간대,2548410,431613,16.94,262.35,0.1029
창동,21-22시간대,2243266,314474,14.02,253.65,0.1131
창동,22-23시간대,1945068,187252,9.63,260.95,0.1342
창동,23-24시간대,1099735,72298,6.57,228.95,0.2082
창동,24시간대이후,344136,22685,6.59,56.9,0.1653
천호,06시간대이전,783475,361067,46.09,577.8,0.7375
천호,06-07시간대,2025401,496176,24.5,762.75,0.3766
천호,07-08시간대,3961821,535986,13.53,1074.45,0.2712
천호,08-09시간대,6043608,739651,12.24,1450.7,0.24
천호,09-10시간대,4398562,979697,22.27,1338.55,0.3043
천호,10-11시간대,3443353,1252068,36.36,1222.35,0.355
천호,11-12시간대,3621353,1469833,40.59,1242.3,0.343
천호,12-13시간대,3944322,1492296,37.83,1328.85,0.3369
천호,13-14시간대,4242784,1574714,37.12,1392.35,0.3282
천호,14-15시간대,4248177,1637369,38.54,1359.45,0.32
천호,15-16시간대,4788803,1768648,36.93,1487.15,0.3105
천호,16-17시간대,5377140,1722508,32.03,1684.35,0.3132
천호,17-18시간대,6487065,1422624,21.93,1782.95,0.2748
천호,18-19시간대,7893522,1076854,13.64,1662.45,0.2106
천호,19-20시간대,5349985,687667,12.85,1232.35,0.2303
천호,20-21시간대,3848766,451275,11.73,1112.9,0.2892
천호,21-22시간대,3145671,319552,10.16,1069.3,0.3399
천호,22-23시간대,2512781,176144,7.01,1017.1,0.4048
천호,23-24시간대,1388430,61092,4.4,691.95,0.4984
천호,24시간대이후,392634,14441,3.68,140.4,0.3576
청량리,06시간대이전,854239,317348,37.15,199.4,0.2334
청량리,06-07시간대,1884229,487644,25.88,194.65,0.1033
청량리,07-08시간대,3963379,638917,16.12,311.4,0.0786
청량리,08-09시간대,5808613,978653,16.85,424.35,0.0731
청량리,09-10시간대,4823294,1498057,31.06,390.5,0.081
청량리,10-11시간대,5019293,2297008,45.76,377.65,0.0752
청량리,11-12시간대,5530860,2990462,54.07,364.55,0.0659
청량리,12-13시간대,5738711,3188060,55.55,432.1,0.0753
청량리,13-14시간대,5970910,3314829,55.52,447.55,0.075
청량리,14-15시간대,6170741,3472919,56.28,438.15,0.071
청량리,15-16시간대,6374702,3471890,54.46,490.85,0.077
청량리,16-17시간대,6663117,3090377,46.38,476.45,0.0715
청량리,17-18시간대,6384558,2270086,35.56,544.9,0.0853
청량리,18-19시간대,7014315,1451847,20.7,500.9,0.0714
청량리,19-20시간대,4613842,829698,17.98,352.35,0.0764
청량리,20-21시간대,3378896,503060,14.89,300,0.0888
청량리,21-22시간대,2851043,326057,11.44,296.5,0.104
청량리,22-23시간대,1948340,185506,9.52,284.1,0.1458
청량리,23-24시간대,1051276,84596,8.05,204.45,0.1945
청량리,24시간대이후,281314,18881,6.71,52.95,0.1882
총신대입구,06시간대이전,264062,118325,44.81,515.4,1.9518
총신대입구,06-07시간대,1006525,292705,29.08,645.9,0.6417
총신대입구,07-08시간대,2358944,354756,15.04,792.05,0.3358
총신대입구,08-09시간대,3643745,533598,14.64,1071.8,0.2941
총신대입구,09-10시간대,2493420,719467,28.85,1120,0.4492
총신대입구,10-11시간대,1992349,861686,43.25,1025.5,0.5147
총신대입구,11-12시간대,1963203,919982,46.86,1012.7,0.5158
총신대입구,12-13시간대,2143641,948087,44.23,1022.4,0.4769
총신대입구,13-14시간대,2286634,1015513,44.41,1020.9,0.4465
총신대입구,14-15시간대,2288515,1047960,45.79,1011.35,0.4419
총신대입구,15-16시간대,2533194,1129858,44.6,1073.65,0.4238
총신대입구,16-17시간대,2854259,1072019,37.56,1282.7,0.4494
총신대입구,17-18시간대,3417495,902340,26.4,1368.3,0.4004
총신대입구,18-19시간대,4371593,677824,15.51,1356.65,0.3103
총신대입구,19-20시간대,2699361,463421,17.17,989,0.3664
총신대입구,20-21시간대,1935509,351301,18.15,849.65,0.439
총신대입구,21-22시간대,1668643,206144,12.35,860.3,0.5156
총신대입구,22-23시간대,1422141,113643,7.99,836.45,0.5882
총신대입구,23-24시간대,755913,40286,5.33,662.15,0.876
총신대입구,24시간대이후,159149,6165,3.87,93,0.5844
하계,06시간대이전,380379,190464,50.07,426.7,1.1218
하계,06-07시간대,1194208,229150,19.19,344,0.2881
하계,07-08시간대,3000433,314402,10.48,486.35,0.1621
하계,08-09시간대,3516232,483293,13.74,617,0.1755
하계,09-10시간대,2226846,617586,27.73,605.15,0.2718
하계,10-11시간대,1701916,622145,36.56,505.3,0.2969
하계,11-12시간대,1671136,641184,38.37,499.6,0.299
하계,12-13시간대,1870661,690898,36.93,513.5,0.2745
하계,13-14시간대,1906798,703895,36.92,521.45,0.2735
하계,14-15시간대,1801584,653946,36.3,515.25,0.286
하계,15-16시간대,2039424,758452,37.19,554.2,0.2717
하계,16-17시간대,2286664,697617,30.51,632.6,0.2766
하계,17-18시간대,2532819,558239,22.04,638.55,0.2521
하계,18-19시간대,3026127,428523,14.16,627.8,0.2075
하계,19-20시간대,2434039,293922,12.08,439.15,0.1804
하계,20-21시간대,1604348,253379,15.79,391.8,0.2442
하계,21-22시간대,1382873,156656,11.33,391.7,0.2833
하계,22-23시간대,1227273,78903,6.43,365.1,0.2975
하계,23-24시간대,727199,35386,4.87,258.8,0.3559
하계,24시간대이후,210408,6603,3.14,97.95,0.4655
혜화,06시간대이전,203238,93476,45.99,513.6,2.5271
혜화,06-07시간대,1104231,270691,24.51,435,0.3939
혜화,07-08시간대,2423018,345647,14.27,588.1,0.2427
혜화,08-09시간대,4977588,587081,11.79,905.5,0.1819
혜화,09-10시간대,4139093,871688,21.06,885.85,0.214
혜화,10-11시간대,3668350,957321,26.1,793.7,0.2164
혜화,11-12시간대,3843034,850636,22.13,811.45,0.2111
혜화,12-13시간대,4395698,801545,18.23,749.4,0.1705
혜화,13-14시간대,5136612,845742,16.46,762.8,0.1485
혜화,14-15시간대,5105657,871917,17.08,764.35,0.1497
혜화,15-16시간대,5346719,841605,15.74,888.2,0.1661
혜화,16-17시간대,5831634,727984,12.48,1001.3,0.1717
혜화,17-18시간대,6834454,535633,7.84,1121.55,0.1641
혜화,18-19시간대,7367831,349970,4.75,1134.65,0.154
혜화,19-20시간대,4751189,248970,5.24,862.5,0.1815
혜화,20-21시간대,3631273,193742,5.34,795.95,0.2192
혜화,21-22시간대,4468544,162681,3.64,835.45,0.187
혜화,22-23시간대,3930679,95984,2.44,815.85,0.2076
혜화,23-24시간대,1547630,27890,1.8,624,0.4032
혜화,24시간대이후,275312,3022,1.1,70.65,0.2566
홍대입구,06시간대이전,1400945,275530,19.67,324.7,0.2318
홍대입구,06-07시간대,2189906,363817,16.61,291.9,0.1333
홍대입구,07-08시간대,4550876,341945,7.51,449,0.0987
홍대입구,08-09시간대,8551662,451890,5.28,690.5,0.0807
홍대입구,09-10시간대,8973358,614891,6.85,559.5,0.0624
홍대입구,10-11시간대,7759464,656646,8.46,571.95,0.0737
홍대입구,11-12시간대,9002040,689236,7.66,597.15,0.0663
홍대입구,12-13시간대,10527254,647372,6.15,719.3,0.0683
홍대입구,13-14시간대,11697226,641478,5.48,715.95,0.0612
홍대입구,14-15시간대,11773356,697951,5.93,738.8,0.0628
홍대입구,15-16시간대,12844397,765768,5.96,800.1,0.0623
홍대입구,16-17시간대,14613818,758657,5.19,913,0.0625
홍대입구,17-18시간대,17014124,644500,3.79,968.5,0.0569
홍대입구,18-19시간대,19680722,451200,2.29,956.2,0.0486
홍대입구,19-20시간대,15234488,330600,2.17,757.2,0.0497
홍대입구,20-21시간대,12270014,250616,2.04,783.15,0.0638
홍대입구,21-22시간대,12497730,210401,1.68,833.5,0.0667
홍대입구,22-23시간대,11428545,142754,1.25,890.25,0.0779
홍대입구,23-24시간대,6357240,55274,0.87,654.1,0.1029
홍대입구,24시간대이후,1274848,11833,0.93,64.4,0.0505
홍제,06시간대이전,417975,214151,51.24,343.6,0.8221
홍제,06-07시간대,1108928,329283,29.69,320.1,0.2887
홍제,07-08시간대,2707277,418126,15.44,492.35,0.1819
홍제,08-09시간대,3441285,529032,15.37,694.3,0.2018
홍제,09-10시간대,2398178,729621,30.42,646.7,0.2697
홍제,10-11시간대,1892984,808767,42.72,598.65,0.3162
홍제,11-12시간대,1774805,803173,45.25,599.4,0.3377
홍제,12-13시간대,1894254,829646,43.8,594.05,0.3136
홍제,13-14시간대,1870179,796297,42.58,603.95,0.3229
홍제,14-15시간대,1891250,825077,43.63,577.75,0.3055
홍제,15-16시간대,2096758,917243,43.75,662.6,0.316
홍제,16-17시간대,2372303,883642,37.25,716,0.3018
홍제,17-18시간대,2687346,755464,28.11,783.1,0.2914
홍제,18-19시간대,3278542,566333,17.27,768.55,0.2344
홍제,19-20시간대,2430278,408169,16.8,547.2,0.2252
홍제,20-21시간대,1603857,297153,18.53,458.9,0.2861
홍제,21-22시간대,1402754,214573,15.3,457.35,0.326
홍제,22-23시간대,1160710,129492,11.16,407.3,0.3509
홍제,23-24시간대,656393,49923,7.61,275.95,0.4204
홍제,24시간대이후,154390,8658,5.61,42.75,0.2769
화곡,06시간대이전,906761,347398,38.31,405.9,0.4476
화곡,06-07시간대,1885550,412221,21.86,282.85,0.15
화곡,07-08시간대,4655927,495632,10.65,434.3,0.0933
화곡,08-09시간대,6379692,690130,10.82,548.75,0.086
화곡,09-10시간대,3565530,772130,21.66,463.4,0.13
화곡,10-11시간대,2381288,792589,33.28,444.5,0.1867
화곡,11-12시간대,2250072,794486,35.31,444.3,0.1975
화곡,12-13시간대,2436661,808935,33.2,486.35,0.1996
화곡,13-14시간대,2432648,766541,31.51,501.35,0.2061
화곡,14-15시간대,2373431,749022,31.56,480.4,0.2024
화곡,15-16시간대,2623143,857466,32.69,500.9,0.191
화곡,16-17시간대,3212302,911108,28.36,558.75,0.1739
화곡,17-18시간대,3890144,762533,19.6,571.45,0.1469
화곡,18-19시간대,5849956,617332,10.55,550.7,0.0941
화곡,19-20시간대,4015025,447855,11.15,395.1,0.0984
화곡,20-21시간대,2616124,320677,12.26,329.5,0.1259
화곡,21-22시간대,2412303,237161,9.83,298.05,0.1236
화곡,22-23시간대,2028035,151560,7.47,288.6,0.1423
화곡,23-24시간대,1190328,64411,5.41,180.2,0.1514
화곡,24시간대이후,327916,12610,3.85,33.5,0.1022
회현,06시간대이전,78549,62531,79.61,227.8,2.9001
회현,06-07시간대,884761,298607,33.75,281.75,0.3184
회현,07-08시간대,2158885,316328,14.65,353.05,0.1635
회현,08-09시간대,5520640,433859,7.86,569.05,0.1031
회현,09-10시간대,4115535,682701,16.59,624.1,0.1516
회현,10-11시간대,3604475,1121527,31.11,641.65,0.178
회현,11-12시간대,3883088,1524969,39.27,709.6,0.1827
회현,12-13시간대,3740246,1547392,41.37,691.9,0.185
회현,13-14시간대,3896473,1623912,41.68,719.85,0.1847
회현,14-15시간대,4157411,1757651,42.28,714.05,0.1718
회현,15-16시간대,4253056,1712755,40.27,786.6,0.1849
회현,16-17시간대,4415469,1495208,33.86,877.7,0.1988
회현,17-18시간대,4950297,1054866,21.31,954.4,0.1928
회현,18-19시간대,5360798,451137,8.42,945.55,0.1764
회현,19-20시간대,2638845,232379,8.81,692.85,0.2626
회현,20-21시간대,2259453,152091,6.73,609.15,0.2696
회현,21-22시간대,1081870,78769,7.28,591.2,0.5465
회현,22-23시간대,679627,50031,7.36,535.9,0.7885
회현,23-24시간대,304026,16564,5.45,428.95,1.4109
회현,24시간대이후,64262,3276,5.1,47.5,0.7392
