역명,승하차구분,06시간대이전,06-07시간대,07-08시간대,08-09시간대,09-10시간대,10-11시간대,11-12시간대,12-13시간대,13-14시간대,14-15시간대,15-16시간대,16-17시간대,17-18시간대,18-19시간대,19-20시간대,20-21시간대,21-22시간대,22-23시간대,23-24시간대,24시간대이후,총승하차인원,유임승하차인원,무임승하차인원,시간대총합
강남,승차,310001,645175,1423430,2243632,1912403,1959982,2575394,3189240,3748925,4174888,5073626,6065211,9016739,11353635,7608044,5927953,6626556,5853562,2723746,466503,82899321,77095382,5803939,82898645
강변,승차,317779,898834,2557463,3854113,2866887,2269332,1983158,1837496,1744443,1597955,1683225,1810239,1988426,2093434,1465003,1162973,957814,626777,244714,33411,31993630,27688483,4305147,31993476
광화문,승차,44475,122184,323296,471087,430256,566233,839985,1054923,1407993,1724140,2197417,2887094,4627972,7749051,2952648,2435488,2516330,1540451,499477,61624,34453741,30852447,3601294,34452124
교대,승차,160848,564319,1265598,1854504,1532144,1514699,1833663,2023831,2462746,2897321,3094239,3364376,5360680,7247288,3454371,2977326,2935020,2307960,893632,161044,47905825,39372086,8533739,47905609
구로디지털단지,승차,1380523,1894345,4986262,6567454,4111703,2533643,2278055,2510544,2474178,2268974,2474727,2993472,4849187,7227477,3568087,2279183,1901779,1465936,677454,122312,58565713,51283094,7282619,58565295
구의,승차,486397,965043,2519299,4193281,2619081,1445441,1196415,1256426,1230831,1142015,1200265,1506880,1540697,1673572,948325,738106,677192,589527,307692,49669,26286401,22305478,3980923,26286154
구파발,승차,442757,1226770,3031197,2927362,1687305,1199041,1150682,1191897,1136142,1159686,1301136,1464525,1444262,1138146,748748,615408,530659,416642,118654,20997,22952086,18091390,4860696,22952016
길음,승차,380829,1206332,3118677,3137358,1840243,1272051,1131676,1178495,1135412,1046489,1113501,1269701,1308492,1231643,684001,543189,429257,418633,155809,23495,22625355,18102579,4522776,22625283
남부터미널,승차,111913,333865,1028340,1608603,1363811,1281730,1436364,1488459,1603574,1671266,1867168,2373768,3883563,4777946,2236813,1601649,1449706,1107823,322709,33202,31582327,26958564,4623763,31582272
동대문,승차,588598,436189,715245,1011235,1176028,1326437,1623810,1987658,2285100,2666646,3000598,3442287,3952664,3020190,1861267,1494722,1411051,1023646,483013,76262,33583539,23533140,10050399,33582646
망원,승차,206926,369186,952002,1334259,901940,679110,706798,880899,915138,930619,996943,1110122,1276352,1525829,1072044,929844,858244,680511,322742,46596,16696200,13618892,3077308,16696104
명동,승차,57583,141887,290005,574061,1058281,1289526,1525927,1580362,1750167,2101963,2636301,3135185,3677772,5024373,3054591,2799938,2708529,2415534,1001378,68544,36892335,33997187,2895148,36891907
미아,승차,417648,748962,1669893,1855341,1236653,951757,905226,972638,911823,874388,877404,1041935,1062283,1059516,623545,437298,378045,300983,107088,15591,16448127,12087924,4360203,16448017
미아사거리,승차,554500,1305639,3159313,3420061,2180953,1568377,1467751,1528148,1518938,1451788,1558982,1695109,1540969,1540580,1105188,1064015,656291,476189,225836,36238,28054961,21193993,6860968,28054865
발산,승차,132126,386028,1026849,1100043,737854,754761,890130,1031468,1127890,1264573,1511631,1752832,2678758,3342628,1495644,1291290,1258375,1014681,427203,57180,23282076,19201811,4080265,23281944
봉천,승차,553743,1042928,2982581,4328098,2701161,1552595,1269841,1341948,1305388,1158434,1104292,1173905,1177709,1191408,741094,611822,525136,400033,175053,32795,25370112,19808836,5561276,25369964
사당,승차,856928,2036467,5278682,6528622,5054141,3432423,3049118,3352348,3466032,3633869,3698814,3923762,4663262,5408165,3793384,3626429,3952964,3628519,1925872,291201,71601918,59961340,11640578,71601002
상계,승차,539349,1394819,3087510,2620491,1610064,1178535,1068648,1145460,1057168,915180,923625,1004183,990219,892745,580842,457152,411741,415464,132201,21692,20447275,15678394,4768881,20447088
서울대입구,승차,1163620,1573365,4507158,6184871,4248434,2528963,2200829,2454432,2569355,2287841,2419135,2663995,3010670,3266056,1982451,1707389,1725547,1516165,814748,142371,48967646,42399214,6568432,48967395
서울,승차,674894,1087135,3492967,5621534,4822442,4538642,5439341,6138140,6005131,4937014,6797296,7653645,11447822,13913843,7712907,5475015,5711200,3865328,2047543,198122,107581368,95195949,12385419,107579961
선릉,승차,219957,505682,986644,1533667,1484851,1655898,2097817,2547634,2916482,3333682,4325577,5618990,9231115,13068551,6445648,4195173,3911613,3264682,1128019,160210,68632153,58477223,10154930,68631892
수유,승차,813951,1669208,3934570,4325714,2858242,2038053,1919197,2014380,1933054,1805440,1801851,1961506,2065813,2291933,1378843,1074433,943491,757917,414878,68793,36071440,28908577,7162863,36071267
신대방,승차,874401,1240314,3192319,4671938,2951696,1664422,1349270,1358839,1288974,1121308,1103339,1179146,1228385,1166063,750283,580760,464881,365367,178893,33811,26764700,21979299,4785401,26764409
신도림,승차,1531751,2059013,5261109,5653805,3517806,2457579,2391646,2701465,2794425,2843197,3032692,3345054,4175755,4916897,2856508,2486497,2332474,1879506,857780,100059,57195834,47898878,9296956,57195018
신림,승차,1376192,2516897,6677456,9788983,6041620,3446567,2883519,3067957,2903126,2681321,2622069,2813954,2930097,2987937,2057540,1736238,1623925,1391118,803620,172489,60523264,52542519,7980745,60522625
쌍문,승차,895813,1900547,4399698,4520131,2804872,1972463,1705711,1729345,1562802,1363594,1296302,1371826,1376671,1242609,824865,614127,489017,369413,168640,25139,30633691,24094998,6538693,30633585
안국,승차,61035,105947,219977,376667,508403,625290,916878,1300215,1521312,1898179,2458992,3261116,4481692,4505320,2106107,1715293,1428367,772931,247408,28007,28539422,24630174,3909248,28539136
암사,승차,552693,971318,2678255,3344035,1737506,1056519,915257,932526,868979,743126,726950,765538,806330,796779,491861,387574,292839,199934,83281,17100,18368444,14319065,4049379,18368400
양재,승차,186591,505297,1280210,1659029,1190355,1110904,1213190,1386942,1581611,1774531,2107193,2666439,4618719,6718488,3114178,2305076,2137866,1399349,477070,53314,37486422,31975362,5511060,37486352
연신내,승차,926231,1748337,4240407,5052991,3039254,2114650,2004045,2170029,1992502,1836476,1894532,2125928,1968377,1805050,1271337,1034931,911125,752132,362704,58913,37310138,27800096,9510042,37309951
우장산,승차,262791,819803,1971715,2110900,1149998,927806,896623,913315,834652,749906,835130,929284,873397,728231,456683,333216,288007,234037,72331,11285,15399167,11755909,3643258,15399110
을지로3가,승차,72760,153001,373903,730226,981215,1192875,1335877,1384024,1556039,1797506,2029464,2528669,4960735,7428044,3089033,2344176,2463837,2075298,1158370,189210,37845068,33343837,4501231,37844262
응암,승차,434732,963742,2547785,3159442,1707111,1081577,986406,1011312,951117,819876,807485,893268,855762,808351,510880,383815,325424,239778,100461,15165,18603515,14009044,4594471,18603489
잠실,승차,537074,1945086,4618701,6403729,4745698,3451730,3642582,4172349,4711083,5343938,6485428,7672044,9443403,11430637,7886849,7827131,7242255,4950228,1559738,281604,104354988,93205183,11149805,104351287
잠실나루,승차,123353,464774,1370098,1702911,1139703,915610,892811,848341,784706,824155,929761,1213435,1375699,1094090,544640,403703,299768,216300,97247,15753,15257078,12022297,3234781,15256858
장한평,승차,286672,700299,1997764,2758725,1450901,906064,811936,876370,858825,835399,897383,1148041,1536794,2220271,958240,581774,475357,369743,159966,24729,19855320,16205687,3649633,19855253
제기동,승차,199639,321210,784426,1151267,852925,920498,1168037,1367627,1445515,1582812,1716580,1708281,1581884,1385822,746058,492584,326669,205407,84073,6029,18047405,8339614,9707791,18047343
종각,승차,146892,154132,241139,380179,478639,680084,1033524,1254117,1575505,1985806,2476132,3049853,5564254,7865455,3522401,3101562,3189691,2299100,989338,60754,40050981,34587606,5463375,40048557
종로3가,승차,238243,271011,409072,672749,984762,1419075,2016239,2722221,3084410,3703588,4390551,5055940,6236662,7505287,4472508,3800841,4066358,3245804,1582458,196408,56076776,39573051,16503725,56074187
종로5가,승차,72815,112745,214745,366617,531082,873933,1293709,1613007,1889829,2175935,2317916,2490506,3158759,3393555,1780881,1287361,1154815,706427,216830,12924,25664567,16737771,8926796,25664391
창동,승차,688101,1405345,3119670,2847392,1867130,1558497,1521753,1569258,1482530,1424480,1569990,1780456,1771769,1818239,1055504,829232,737762,575151,256665,46492,27925541,19720398,8205143,27925416
천호,승차,645349,1046729,2653193,3452088,2085759,1617836,1727096,1948596,2002708,2063341,2351586,2721626,3127165,3256824,2190553,1941123,1441233,1091687,528480,108696,38002058,28886746,9115312,38001668
청량리,승차,672946,923096,2705009,3560320,2313662,2425030,2446687,2783895,2958746,2986278,3242444,3537635,3254213,3048309,1945785,1769668,1272596,778071,369082,18403,43011973,27368135,15643838,43011875
총신대입구,승차,226037,620348,1691877,2130216,1389927,1069086,1035951,1128426,1165263,1089906,1123569,1212817,1372061,1549032,948917,878134,736362,614926,282416,38932,20304436,14551248,5753188,20304203
하계,승차,317340,949101,2422881,2532781,1442230,1083902,1036207,1072607,981864,952674,1084176,1178492,1144241,930942,534252,490240,397210,294123,107010,18243,18970543,14696645,4273898,18970516
혜화,승차,125784,279632,628813,783580,931104,1177123,1419464,1545732,1645753,2121797,2945385,3474365,4122719,4380006,2687907,2806596,3714566,3275126,1138443,149420,39353717,34494995,4858722,39353315
홍대입구,승차,1249515,1374918,2640433,3439996,2763330,2636880,2982530,3486928,4075932,4617398,5635420,6963972,8274520,9373819,7814627,7709431,8789820,8348253,4172520,500342,96852327,92251818,4600509,96850584
홍제,승차,368193,865336,2318528,2544409,1648307,1192654,1093208,1159295,1056194,976684,994733,1070546,1066836,998610,562595,449933,359617,258328,102935,14906,19101896,13811982,5289914,19101847
화곡,승차,850704,1525608,4102987,5205340,2638743,1681162,1508314,1570174,1443640,1240346,1199874,1330952,1413320,1437393,850887,623941,522481,398845,170008,24868,29739690,24125261,5614429,29739587
회현,승차,50758,119380,189943,330996,471377,679329,1079866,1439763,1834973,2265904,2679277,3193019,3962160,4538265,2157173,1979623,828070,468128,169770,22582,28460561,21123404,7337157,28460356
강남,하차,405336,1978611,5470086,10969206,11357162,5552045,3829324,3719922,4257174,3814840,3639299,3948932,5072855,6481920,3842723,2156184,1790657,1494707,850738,239604,80876296,75801386,5074910,80871325
강변,하차,71453,766972,835174,1491372,1269352,1261356,1225981,1375943,1536762,1679637,1998440,2190053,2711735,3619697,2547526,1791083,1495099,1345236,712839,184357,30113347,25963160,4150187,30110067
광화문,하차,38665,1097080,3021218,9709424,4534498,2179001,2117404,1874232,2017861,1644075,1378285,1372127,1617233,1771934,830831,392912,291002,202685,112347,28873,36231948,32662500,3569448,36231687
교대,하차,267431,1192537,2727493,7345435,6140894,3121098,2598943,2388961,2528381,2233809,2103584,2228739,2950250,3352254,1913802,1174350,1051153,977730,532600,155516,46986597,38787390,8199207,46984960
구로디지털단지,하차,178039,709513,2897858,7911419,4961937,2117785,1650578,1809298,2237368,2167566,2440483,2952333,3972453,5812256,4674275,3117253,3082694,2942750,1751157,508138,57909103,50620023,7289080,57895153
구의,하차,53781,806406,622500,1464327,862010,778036,797120,901264,1027824,1092272,1368346,1613681,2215890,3517537,2529336,1714718,1623420,1497290,856776,269358,25618098,21615209,4002889,25611892
구파발,하차,55770,380737,786722,1069723,980433,1021553,956545,1003296,1088000,1123275,1164833,1414601,1739399,2717520,2257527,1306947,1177472,1053174,722703,297545,22331967,17660413,4671554,22317775
길음,하차,63836,278246,511250,1167469,911912,796332,875720,894469,1013053,1062622,1173563,1483598,1968868,2848914,2268018,1443816,1346406,1291484,756611,203603,22360658,17851324,4509334,22359790
남부터미널,하차,49442,993985,2332059,5507649,3090182,1821976,1404138,1480102,1711639,1669084,1667884,1780741,2016115,2293532,1489391,922626,711027,579418,347626,93038,31962200,27298497,4663703,31961654
동대문,하차,153289,746738,1578976,3043556,3044993,2947317,2896451,2643252,2492957,2365600,2096311,1808711,1604174,1526281,1491133,1065955,876748,752392,540618,150921,33840850,23969528,9871322,33826373
망원,하차,31654,192429,365983,1175793,1144224,893071,1030427,1100209,1253680,1139570,1271961,1343825,1494665,1819641,1283246,702191,612356,523686,364818,88240,17831991,14624387,3207604,17831669
명동,하차,42194,819009,1904604,4480008,3365643,2399291,2469905,2674657,2675091,2519064,2563603,2634341,2737964,2584360,1989854,1489045,1085809,669550,356197,108409,39574215,36582914,2991301,39568598
미아,하차,62280,250473,581981,1335308,761897,614660,696339,646889,719602,787795,944613,1080504,1280358,1675911,1385555,883009,807791,708851,475942,127793,15828057,11403658,4424399,15827551
미아사거리,하차,99547,307673,699894,1206915,1116934,1022390,1091719,1171947,1278127,1400520,1730697,2038024,2514885,3555022,2741425,1704802,1544648,1355094,788657,185492,27555228,20707568,6847660,27554412
발산,하차,89590,537236,1509741,4331309,2244259,1221916,1167107,1146445,1192927,1100342,1099610,1198605,1457724,1982687,1394761,790622,625864,545320,327960,110379,24075026,20129595,3945431,24074404
봉천,하차,56450,252594,461952,968749,776479,710607,804572,880983,956678,1065682,1373864,1590432,2092186,3177410,2633963,1677885,1580372,1476847,878285,287500,23718631,18169762,5548869,23703490
사당,하차,198839,1921547,2613009,3815489,2900546,2545021,3265807,3281999,3035383,3044091,3652854,4887494,7133785,9871718,6490169,3992500,3685091,3463380,2152370,629797,72631663,61195583,11436080,72580889
상계,하차,10191,256974,610231,766871,641305,576502,623879,765860,801954,856622,1043113,1316873,1670345,2388782,2150524,1336397,1185853,1083909,729023,206826,19043731,14395309,4648422,19022034
서울대입구,하차,95684,519448,990070,2463790,2248675,1893136,1670516,1815567,2004448,2060748,2383682,2806024,3852819,6087194,4930391,3136284,2976176,2927507,1749006,671650,47397253,41187439,6209814,47282815
선릉,하차,278550,1999717,6032658,14668900,10889551,5176914,3344756,3104815,3432302,2777916,2466915,2531384,2902434,3104184,1927024,1159318,1015951,893161,530337,195315,68438095,58704865,9733230,68432102
수유,하차,113357,399881,748838,1959275,1422644,1133298,1229383,1324600,1522461,1632677,1992468,2527545,3111630,4462626,3860300,2517797,2270344,2101146,1397818,352187,36081889,28879858,7202031,36080275
신대방,하차,70824,334246,534878,895330,672775,662534,704712,815219,950183,1078919,1430056,1680307,2233035,3284084,2840358,2004253,2104036,1960714,1138297,327595,25731176,20925106,4806070,25722355
신도림,하차,212365,834984,1818316,4396708,2845876,2427983,2470262,2540348,2752135,2629333,2985967,3507941,4587313,6708430,4662287,2871058,2703184,2554842,1860520,805913,56273314,47281047,8992267,56175765
신림,하차,155938,655208,1035685,1687704,1659275,1595588,1758503,1967913,2238241,2453926,3093477,3779287,5081796,8235655,7080081,4651405,4441835,4133929,2664968,830456,59222340,51177693,8044647,59200870
쌍문,하차,44219,325526,550156,1019572,792851,747520,830050,972090,1086525,1189523,1591085,1991090,2550798,3738186,3445744,2182314,1958836,1809885,1171509,358040,28357974,21917165,6440809,28355519
안국,하차,69451,867915,3216972,4366794,3113000,2452478,2536310,2187548,2105651,1940358,1603781,1407527,1243691,1070359,529442,286094,238569,208228,117422,36066,29597856,25489577,4108279,29597656
암사,하차,29404,188744,314631,694562,508790,430165,530526,607178,675081,753407,984187,1188728,1582876,2442875,1905687,1131136,967969,981784,520847,152506,16606013,12619908,3986105,16591083
양재,하차,104366,1491783,3869905,8140666,4283752,2039508,1705476,1557205,1707686,1510249,1524281,1695801,2364224,2782190,1829979,1172529,1041859,913480,481678,134165,40352618,34800981,5551637,40350782
연신내,하차,73203,458955,854728,1365582,1313943,1267699,1333865,1446242,1569761,1691071,2071575,2440616,3092310,4667796,3872474,2341324,2145182,1872020,1212168,402719,35495186,26307801,9187385,35493233
우장산,하차,32533,166688,498553,805656,567849,498724,500973,618041,720157,772538,894196,1067942,1312217,2009315,1519580,938841,848375,860689,492188,127309,15252763,11462684,3790079,15252364
을지로3가,하차,113354,1094583,3855215,9014362,3693854,1785927,1570740,1496994,1629929,1465723,1485999,1708969,2074111,2404204,1481168,888516,743262,623116,393103,101354,37628794,33272191,4356603,37624483
응암,하차,49290,224683,351541,655177,553460,528272,553559,658438,702993,789851,1035270,1266690,1721539,2718617,2114549,1358160,1160844,1054771,693631,209869,18401636,13840290,4561346,18401204
잠실,하차,283059,1717694,4182169,9448014,7859593,6013150,6043867,5904190,6082143,5974780,6431117,6979446,8433679,10431428,6599855,4247378,3764781,3344846,1833414,412972,106000631,95262209,10738422,105987575
잠실나루,하차,102601,591513,815613,1372749,884333,680096,609040,737556,780345,725113,745359,811084,1043599,1457630,1058787,682729,654412,618132,337563,101903,14812124,11586988,3225136,14810157
장한평,하차,46447,469641,840934,2373667,1077592,778049,706774,723568,762215,738836,854871,1053326,1506940,2421226,1671048,1033428,969188,872838,540830,159448,19606639,15884839,3721800,19600866
제기동,하차,84591,341062,743299,1371577,1191117,1353580,1602883,1677073,1730271,1610876,1359430,1219400,1015160,983133,659731,440694,410469,351556,224951,52789,18424165,7982178,10441987,18423642
종각,하차,202407,1143761,4010631,9513341,5301581,2286731,2186952,1945950,1928791,1623089,1451909,1556216,1777374,1845695,927617,481386,356877,260130,161102,40684,39002704,33929262,5073442,39002224
종로3가,하차,162773,930267,2058837,5509063,5149425,4449420,4721235,4620245,4351177,3900015,3503042,3435613,3493507,3641431,2021802,1169917,920081,725663,466483,173206,55407009,39380093,16026916,55403202
종로5가,하차,132978,581318,1475673,3357778,2297678,2096381,2210849,2070255,1932260,1805513,1540143,1437379,1297990,1169192,676560,383323,279521,212142,131311,36162,25124776,16472112,8652664,25124406
창동,하차,94784,479529,725809,1589958,1271319,1145611,1142763,1381259,1626267,1675735,1824338,2057520,2485707,3337479,2761786,1719178,1505504,1369917,843070,297644,29341655,20884443,8457212,29335177
천호,하차,138126,978672,1308628,2591520,2312803,1825517,1894257,1995726,2240076,2184836,2437217,2655514,3359900,4636698,3159432,1907643,1704438,1421094,859950,283938,39901333,30816697,9084636,39895985
청량리,하차,181293,961133,1258370,2248293,2509632,2594263,3084173,2954816,3012164,3184463,3132258,3125482,3130345,3966006,2668057,1609228,1578447,1170269,682194,262911,43315969,27345631,15970338,43313797
총신대입구,하차,38025,386177,667067,1513529,1103493,923263,927252,1015215,1121371,1198609,1409625,1641442,2045434,2822561,1750444,1057375,932281,807215,473497,120217,21976626,15952831,6023795,21954092
하계,하차,63039,245107,577552,983451,784616,618014,634929,798054,924934,848910,955248,1108172,1388578,2095185,1899787,1114108,985663,933150,620189,192165,17771205,13652974,4118231,17770851
혜화,하차,77454,824599,1794205,4194008,3207989,2491227,2423570,2849966,3490859,2983860,2401334,2357269,2711735,2987825,2063282,824677,753978,655553,409187,125892,39645307,34867970,4777337,39628469
홍대입구,하차,151430,814988,1910443,5111666,6210028,5122584,6019510,7040326,7621294,7155958,7208977,7649846,8739604,10306903,7419861,4560583,3707910,3080292,2184720,774506,102867371,98393721,4473650,102791429
홍제,하차,49782,243592,388749,896876,749871,700330,681597,734959,813985,914566,1102025,1301757,1620510,2279932,1867683,1153924,1043137,902382,553458,139484,18139279,12940913,5198366,18138599
화곡,하차,56057,359942,552940,1174352,926787,700126,741758,866487,989008,1133085,1423269,1881350,2476824,4412563,3164138,1992183,1889822,1629190,1020320,303048,27694279,22318566,5375713,27693249
회현,하차,27791,765381,1968942,5189644,3644158,2925146,2803222,2300483,2061500,1891507,1573779,1222450,988137,822533,481672,279830,253800,211499,134256,41680,29590611,22264661,7325950,29587410
