역명,06시간대이전,06-07시간대,07-08시간대,08-09시간대,09-10시간대,10-11시간대,11-12시간대,12-13시간대,13-14시간대,14-15시간대,15-16시간대,16-17시간대,17-18시간대,18-19시간대,19-20시간대,20-21시간대,21-22시간대,22-23시간대,23-24시간대,24시간대이후
강남,554.5,356.4,487.75,730.0,745.45,706.75,745.8499999999999,811.25,886.0,870.1,938.3,1107.05,1146.35,1130.3,831.35,778.75,887.85,786.25,499.45,71.35
강변,207.1,230.89999999999998,332.25,523.05,498.8,471.65,566.0,598.35,630.1,609.35,702.45,732.5999999999999,761.0,783.85,577.4,521.85,571.4,479.5,317.55,48.5
광화문,213.4,217.1,379.9,477.15,430.05,453.5,508.29999999999995,546.95,600.6500000000001,625.3499999999999,688.35,824.5,915.8,825.55,606.4,525.7,500.95000000000005,404.79999999999995,263.6,42.2
교대,830.8,707.15,976.3,1469.35,1463.85,1338.75,1408.2,1499.65,1627.25,1604.9499999999998,1682.3000000000002,2004.8000000000002,2053.55,2058.4,1458.3,1307.9,1351.25,1255.0,725.55,110.65
구로디지털단지,693.7,417.7,512.6,716.8499999999999,682.9,615.05,626.3499999999999,679.35,752.8,712.3499999999999,702.0999999999999,896.1500000000001,880.05,936.3499999999999,687.05,585.75,645.95,676.9,516.8,74.9
구의,252.3,245.45,353.7,540.85,502.90000000000003,483.85,576.0,615.15,650.45,632.0,727.15,760.9000000000001,787.0,784.75,575.6500000000001,519.8,568.6,484.75,329.25,44.95
구파발,199.2,227.45,322.75,440.25,394.9,417.2,371.3,403.25,409.45,391.54999999999995,455.15,478.65000000000003,517.7,502.0,354.7,287.1,300.79999999999995,270.95,153.85,19.75
길음,561.2,402.6,564.8,813.65,763.55,670.95,661.95,617.2,618.3499999999999,605.8499999999999,663.3499999999999,742.8499999999999,823.45,832.65,644.2,547.8,542.95,534.9000000000001,438.15,63.25
남부터미널,171.0,244.6,350.2,528.2,478.85,451.70000000000005,519.0,549.95,558.3499999999999,561.9000000000001,603.8,733.0,761.55,740.9,486.6,423.95000000000005,390.95,376.65,190.2,27.599999999999998
동대문,700.8,657.0999999999999,953.45,1474.0500000000002,1478.4,1382.4,1414.35,1515.35,1584.15,1558.0,1681.95,1784.45,1933.95,1907.75,1339.65,1188.85,1220.6,1134.05,882.95,145.7
망원,313.9,331.4,504.4,657.6500000000001,612.0,587.9,585.5,642.3,689.55,690.4,783.3499999999999,862.5,837.35,977.3,683.45,526.1,534.15,497.0,327.25,39.849999999999994
명동,339.3,266.95,365.2,601.5,680.0999999999999,692.55,748.1,709.4000000000001,735.05,732.75,809.25,886.45,958.3499999999999,967.8499999999999,718.95,637.3,654.05,619.95,469.34999999999997,51.150000000000006
미아,490.1,352.79999999999995,498.9,703.15,664.0,588.0999999999999,573.3,532.4,545.4000000000001,521.65,576.0,634.35,702.35,736.4,564.9000000000001,481.95,482.70000000000005,473.05,388.25,56.65
미아사거리,289.6,210.85,313.0,443.4,386.04999999999995,337.65,327.25,306.8,314.0,306.35,334.9,366.15,418.5,428.9,329.4,276.95000000000005,267.75,267.75,217.2,39.45
발산,351.7,185.5,239.7,299.15,266.75,272.65,288.7,317.95000000000005,343.54999999999995,349.15,386.0,438.25,432.95000000000005,444.85,313.15,264.70000000000005,248.8,240.05,154.3,42.400000000000006
봉천,591.8,433.65,561.75,798.05,775.8,681.3,656.05,684.25,788.25,728.15,731.9,940.3499999999999,903.3,918.45,718.15,629.2,717.2,712.15,498.09999999999997,77.05
사당,886.5,744.3,1012.75,1455.5,1535.5,1453.5,1309.85,1311.95,1452.6,1419.9499999999998,1421.5500000000002,1729.3,1743.75,1872.8000000000002,1364.85,1183.25,1312.6,1267.3,927.1,149.25
상계,76.0,117.7,165.15,224.3,194.05,177.2,159.4,155.60000000000002,154.39999999999998,148.8,151.95,158.3,179.10000000000002,166.35,116.44999999999999,105.4,98.1,103.25,74.65,11.9
서울대입구,568.8,453.75,605.5999999999999,845.85,830.15,728.2,693.75,727.2,831.3499999999999,763.8,778.4000000000001,993.55,952.8499999999999,962.65,752.55,667.6,759.8,738.4000000000001,533.45,83.25
서울역,338.8,445.79999999999995,649.3,1044.5,1117.8,1169.55,1216.4,1284.75,1311.85,1288.3,1386.1999999999998,1476.35,1570.95,1617.4,1122.4,970.2,966.25,857.55,645.45,99.65
선릉,327.5,302.35,399.85,641.45,639.4,591.0,646.9,697.7,770.25,753.35,817.9,949.7,1006.4,1024.05,720.25,661.5999999999999,720.25,631.75,352.75,54.5
수유,490.4,344.70000000000005,475.54999999999995,675.4,638.3,563.5,535.45,507.59999999999997,509.65,483.2,524.5999999999999,573.0999999999999,630.0,655.8,493.0,417.3,416.9,405.15,339.04999999999995,48.0
신대방,601.6,393.1,490.95000000000005,723.4,679.45,607.8,593.95,639.75,722.85,676.9000000000001,667.05,856.6500000000001,816.75,856.5,650.35,566.0999999999999,623.55,654.35,492.1,71.65
신도림,371.9,417.75,617.8,993.3000000000001,801.7,725.5,789.5,881.0999999999999,963.65,912.1,929.2,1039.75,1118.9,1223.9,846.5999999999999,773.85,770.75,778.5,523.9,61.25
신림,628.2,428.5,549.85,803.45,761.75,664.4,639.5,683.4,766.8,704.5,695.7,891.55,827.75,839.75,639.45,555.95,623.8499999999999,638.75,435.8,61.900000000000006
쌍문,215.4,324.9,425.85,614.45,577.05,514.05,474.20000000000005,457.35,453.6,428.65,465.29999999999995,500.75,552.5999999999999,565.9,417.0,356.1,351.0,342.6,291.75,38.8
암사,183.6,215.75,317.85,423.95000000000005,395.35,341.5,338.15,351.9,356.3,346.0,349.6,394.2,397.85,371.9,273.15,235.95,237.55,231.15,144.45,26.200000000000003
양재,112.9,194.55,272.4,417.9,378.05,366.65,410.05,446.5,454.9,459.8,492.55,594.45,619.6500000000001,616.55,391.65,337.54999999999995,324.15,309.9,164.8,25.650000000000002
연신내,337.7,342.7,510.45,670.8,629.75,636.8,613.75,636.45,665.3,635.3499999999999,717.5,776.1500000000001,780.5999999999999,754.25,540.05,442.05,452.75,401.85,258.7,48.05
우장산,393.5,231.35,323.29999999999995,425.2,356.1,354.5,371.75,401.5,422.20000000000005,410.95000000000005,437.65,492.0,490.75,487.79999999999995,343.35,283.2,259.7,252.7,159.5,28.55
을지로3가,418.1,483.4,754.3,1183.15,1200.9499999999998,1201.65,1347.95,1464.85,1536.9499999999998,1554.2,1720.05,1871.6999999999998,1970.6999999999998,1944.8000000000002,1350.5500000000002,1234.6999999999998,1229.85,1202.75,839.1,90.5
응암,238.2,173.89999999999998,303.35,377.55,378.85,347.4,324.70000000000005,369.9,368.75,331.0,370.79999999999995,409.9,363.8,376.79999999999995,255.15,191.3,209.6,188.7,111.55,14.4
잠실,527.1,660.3,887.8,1340.95,1256.25,1119.8000000000002,1225.25,1338.4,1446.95,1492.15,1706.15,1930.8,2116.85,2198.8,1602.5,1516.0500000000002,1591.35,1407.15,842.45,124.69999999999999
잠실나루,220.9,224.45,319.20000000000005,506.35,482.25,455.70000000000005,546.45,585.1500000000001,611.4,609.15,707.95,748.05,763.6,788.0,565.4,525.7,560.3,475.95,316.4,45.95
장한평,325.7,370.29999999999995,555.25,681.55,650.25,635.3,656.1,701.3,739.4,722.5,776.1500000000001,894.15,961.55,834.05,646.45,589.25,565.4,520.4,369.75,59.9
제기동,212.6,214.60000000000002,315.4,467.75,434.9,432.70000000000005,410.1,512.4,497.5,540.95,551.75,543.75,617.95,573.5,394.2,337.65,328.0,311.20000000000005,219.55,67.35
종각,138.4,189.4,302.65,428.79999999999995,480.0,506.85,511.95000000000005,599.1,641.3499999999999,661.25,718.55,694.7,753.25,797.4,519.5999999999999,453.95000000000005,449.85,381.75,262.1,71.85
종로3가,551.6,741.75,1215.4,1731.95,1751.5,1733.65,1813.3000000000002,1979.8000000000002,2068.85,2131.25,2351.1499999999996,2528.7,2659.25,2496.2,1723.8000000000002,1502.75,1446.15,1281.85,847.1500000000001,151.70000000000002
종로5가,141.9,203.3,348.2,511.4,535.9,537.35,533.4000000000001,660.45,664.05,709.0,748.1,694.55,745.8,751.2,478.1,413.3,417.0,346.04999999999995,257.65,66.4
지축,427.6,303.75,493.79999999999995,605.85,610.75,522.05,536.85,588.5999999999999,601.5,622.6,631.2,735.3,722.45,788.3,606.05,408.9,354.2,402.1,329.2,53.9
창동,153.9,249.95000000000002,330.3,473.0,451.7,404.65,367.35,370.95000000000005,359.45000000000005,349.9,372.7,400.29999999999995,432.25,437.25,309.35,262.35,253.65,260.95,228.95,56.9
천호,577.8,762.75,1074.45,1450.6999999999998,1338.55,1222.35,1242.3000000000002,1328.85,1392.35,1359.45,1487.15,1684.35,1782.95,1662.4499999999998,1232.35,1112.9,1069.3000000000002,1017.0999999999999,691.95,140.39999999999998
청량리,199.4,194.64999999999998,311.4,424.35,390.5,377.65,364.55,432.1,447.54999999999995,438.15,490.85,476.45,544.9,500.9,352.35,300.0,296.5,284.1,204.45,52.949999999999996
총신대입구,515.4,645.9000000000001,792.05,1071.8,1120.0,1025.5,1012.7,1022.4,1020.9,1011.3499999999999,1073.65,1282.7,1368.3000000000002,1356.65,989.0,849.6500000000001,860.3,836.45,662.1500000000001,93.0
하계,426.7,344.0,486.35,617.0,605.15,505.3,499.6,513.5,521.45,515.25,554.2,632.6,638.55,627.8,439.15,391.8,391.7,365.1,258.8,97.95
혜화,513.6,435.0,588.1,905.5,885.8499999999999,793.7,811.45,749.4,762.8,764.35,888.2,1001.3,1121.55,1134.65,862.5,795.95,835.45,815.85,624.0,70.65
홍대입구,324.7,291.9,449.0,690.5,559.5,571.95,597.15,719.3,715.95,738.8,800.0999999999999,913.0,968.5,956.2,757.2,783.15,833.5,890.25,654.1,64.4
홍제,343.6,320.1,492.35,694.3,646.7,598.6500000000001,599.4,594.05,603.95,577.75,662.5999999999999,716.0,783.1,768.55,547.2,458.9,457.35,407.3,275.95,42.75
화곡,405.9,282.85,434.29999999999995,548.75,463.4,444.5,444.29999999999995,486.35,501.35,480.4,500.9,558.75,571.45,550.7,395.1,329.5,298.05,288.6,180.2,33.5
회현,227.8,281.75,353.04999999999995,569.05,624.0999999999999,641.65,709.6,691.9000000000001,719.85,714.05,786.5999999999999,877.7,954.4,945.55,692.85,609.15,591.2,535.9000000000001,428.95,47.5
